{
    "example_source": [
        "▁我还",
        "澄清",
        "了",
        "在该",
        "会议上",
        "提出的",
        "若干",
        "事项",
        "。"
    ],
    "example_target": [
        "<s>",
        "▁i",
        "▁was",
        "▁able",
        "▁to",
        "▁provide",
        "▁clarification",
        "▁on",
        "▁some",
        "▁of",
        "▁the",
        "▁matters",
        "▁which",
        "▁were",
        "▁raised",
        "▁at",
        "▁that",
        "▁meeting",
        ".",
        "</s>"
    ],
    "hypotheses": [
        {
            "hypothesis": [
                "▁it",
                "▁is",
                "▁not",
                "▁that",
                "▁the",
                "▁united",
                "▁nations",
                "▁of",
                "▁the",
                "▁united",
                "▁nations",
                "▁of",
                "▁the",
                "▁united",
                "▁nations",
                "."
            ],
            "score": -31.027833938598633
        },
        {
            "hypothesis": [
                "▁there",
                "▁is",
                "▁the",
                "▁united",
                "▁nations",
                "▁of",
                "▁the",
                "▁united",
                "▁nations",
                "▁of",
                "▁the",
                "▁united",
                "▁nations",
                "▁of",
                "▁the",
                "▁united",
                "▁nations",
                "."
            ],
            "score": -33.9613151550293
        },
        {
            "hypothesis": [
                "▁it",
                "▁is",
                "▁the",
                "▁united",
                "▁nations",
                "▁of",
                "▁the",
                "▁united",
                "▁nations",
                "▁of",
                "▁the",
                "▁united",
                "▁nations",
                "▁of",
                "▁the",
                "▁united",
                "▁nations",
                "."
            ],
            "score": -34.021888732910156
        },
        {
            "hypothesis": [
                "▁it",
                "▁is",
                "▁that",
                "▁the",
                "▁united",
                "▁nations",
                "▁of",
                "▁the",
                "▁united",
                "▁nations",
                "▁of",
                "▁the",
                "▁united",
                "▁nations",
                "▁of",
                "▁the",
                "▁united",
                "▁nations",
                "."
            ],
            "score": -35.27007293701172
        },
        {
            "hypothesis": [
                "▁the",
                "▁united",
                "▁nations",
                "▁of",
                "▁the",
                "▁united",
                "▁nations",
                "▁of",
                "▁the",
                "▁united",
                "▁nations",
                "▁of",
                "▁the",
                "▁united",
                "▁nations",
                "▁of",
                "▁the",
                "▁united",
                "▁nations",
                "."
            ],
            "score": -37.622047424316406
        },
        {
            "hypothesis": [
                "▁there",
                "▁is",
                "▁the",
                "▁united",
                "▁nations",
                "▁of",
                "▁the",
                "▁united",
                "▁nations",
                "▁of",
                "▁the",
                "▁united",
                "▁nations",
                "▁of",
                "▁the",
                "▁united",
                "▁nations",
                "▁of",
                "▁the",
                "▁united",
                "▁nations",
                "."
            ],
            "score": -40.01949691772461
        },
        {
            "hypothesis": [
                "▁it",
                "▁is",
                "▁the",
                "▁united",
                "▁nations",
                "▁of",
                "▁the",
                "▁united",
                "▁nations",
                "▁of",
                "▁the",
                "▁united",
                "▁nations",
                "▁of",
                "▁the",
                "▁united",
                "▁nations",
                "▁of",
                "▁the",
                "▁united",
                "▁nations",
                "."
            ],
            "score": -40.05030059814453
        },
        {
            "hypothesis": [
                "▁it",
                "▁is",
                "▁that",
                "▁the",
                "▁united",
                "▁nations",
                "▁of",
                "▁the",
                "▁united",
                "▁nations",
                "▁of",
                "▁the",
                "▁united",
                "▁nations",
                "▁of",
                "▁the",
                "▁united",
                "▁nations",
                "▁of",
                "▁the",
                "▁united",
                "▁nations",
                "."
            ],
            "score": -41.3518180847168
        },
        {
            "hypothesis": [
                "▁it",
                "▁is",
                "▁the",
                "▁united",
                "▁nations",
                "▁of",
                "▁the",
                "▁united",
                "▁nations",
                "▁of",
                "▁the",
                "▁united",
                "▁nations",
                "▁of",
                "▁the",
                "▁united",
                "▁nations",
                "▁of",
                "▁the",
                "▁united",
                "▁nations",
                "▁of",
                "▁the",
                "▁united",
                "▁nations",
                "."
            ],
            "score": -46.46160125732422
        },
        {
            "hypothesis": [
                "▁there",
                "▁is",
                "▁the",
                "▁united",
                "▁nations",
                "▁of",
                "▁the",
                "▁united",
                "▁nations",
                "▁of",
                "▁the",
                "▁united",
                "▁nations",
                "▁of",
                "▁the",
                "▁united",
                "▁nations",
                "▁of",
                "▁the",
                "▁united",
                "▁nations",
                "▁of",
                "▁the",
                "▁united",
                "▁nations",
                "."
            ],
            "score": -46.49098205566406
        }
    ],
    "diagnostic_info": "eyJ0IjogIjIwMjUtMDgtMTdUMTk6NTE6MTguNzIyNTUzIiwgImgiOiAibnZpZGlhLWdwdS1vcHRpbWl6ZWQtdm1pLTEtdm0iLCAidSI6ICJtYXhseXUifQ=="
}