{
    "example_source": [
        "▁我还",
        "澄清",
        "了",
        "在该",
        "会议上",
        "提出的",
        "若干",
        "事项",
        "。"
    ],
    "example_target": [
        "<s>",
        "▁i",
        "▁was",
        "▁able",
        "▁to",
        "▁provide",
        "▁clarification",
        "▁on",
        "▁some",
        "▁of",
        "▁the",
        "▁matters",
        "▁which",
        "▁were",
        "▁raised",
        "▁at",
        "▁that",
        "▁meeting",
        ".",
        "</s>"
    ],
    "hypotheses": [
        {
            "hypothesis": [
                "▁i",
                "▁hope",
                "▁that",
                "▁the",
                "▁number",
                "▁of",
                "▁the",
                "▁united",
                "▁nations",
                "▁was",
                "▁made",
                "▁by",
                "▁the",
                "▁united",
                "▁nations",
                "."
            ],
            "score": -28.421777725219727
        },
        {
            "hypothesis": [
                "▁i",
                "▁hope",
                "▁that",
                "▁the",
                "▁number",
                "▁of",
                "▁the",
                "▁united",
                "▁nations",
                "▁was",
                "▁made",
                "▁by",
                "▁the",
                "▁united",
                "▁states",
                "."
            ],
            "score": -29.720951080322266
        },
        {
            "hypothesis": [
                "▁i",
                "▁hope",
                "▁that",
                "▁the",
                "▁number",
                "▁of",
                "▁the",
                "▁united",
                "▁nations",
                "▁will",
                "▁be",
                "▁made",
                "▁by",
                "▁the",
                "▁united",
                "▁nations",
                "."
            ],
            "score": -30.158302307128906
        },
        {
            "hypothesis": [
                "▁i",
                "▁hope",
                "▁that",
                "▁the",
                "▁number",
                "▁of",
                "▁the",
                "▁united",
                "▁nations",
                "▁has",
                "▁been",
                "▁made",
                "▁by",
                "▁the",
                "▁united",
                "▁nations",
                "."
            ],
            "score": -30.250822067260742
        },
        {
            "hypothesis": [
                "▁i",
                "▁hope",
                "▁that",
                "▁the",
                "▁number",
                "▁of",
                "▁the",
                "▁united",
                "▁nations",
                "▁has",
                "▁been",
                "▁made",
                "▁in",
                "▁the",
                "▁united",
                "▁nations",
                "."
            ],
            "score": -30.56110954284668
        },
        {
            "hypothesis": [
                "▁i",
                "▁hope",
                "▁that",
                "▁the",
                "▁number",
                "▁of",
                "▁the",
                "▁united",
                "▁nations",
                "▁will",
                "▁be",
                "▁made",
                "▁by",
                "▁the",
                "▁united",
                "▁states",
                "."
            ],
            "score": -31.515180587768555
        },
        {
            "hypothesis": [
                "▁i",
                "▁hope",
                "▁that",
                "▁the",
                "▁number",
                "▁of",
                "▁the",
                "▁united",
                "▁nations",
                "▁has",
                "▁been",
                "▁made",
                "▁by",
                "▁the",
                "▁united",
                "▁states",
                "."
            ],
            "score": -31.5950927734375
        },
        {
            "hypothesis": [
                "▁i",
                "▁hope",
                "▁that",
                "▁the",
                "▁number",
                "▁of",
                "▁the",
                "▁united",
                "▁nations",
                "▁has",
                "▁been",
                "▁made",
                "▁by",
                "▁the",
                "▁number",
                "▁of",
                "▁the",
                "▁year",
                "."
            ],
            "score": -35.22647476196289
        },
        {
            "hypothesis": [
                "▁i",
                "▁hope",
                "▁that",
                "▁the",
                "▁number",
                "▁of",
                "▁the",
                "▁united",
                "▁nations",
                "▁has",
                "▁been",
                "▁made",
                "▁by",
                "▁the",
                "▁number",
                "▁of",
                "▁the",
                "▁united",
                "▁nations",
                "."
            ],
            "score": -35.49434280395508
        },
        {
            "hypothesis": [
                "▁i",
                "▁hope",
                "▁that",
                "▁the",
                "▁number",
                "▁of",
                "▁the",
                "▁united",
                "▁nations",
                "▁will",
                "▁be",
                "▁made",
                "▁by",
                "▁the",
                "▁number",
                "▁of",
                "▁the",
                "▁united",
                "▁nations",
                "."
            ],
            "score": -35.558284759521484
        }
    ],
    "diagnostic_info": "eyJ0IjogIjIwMjUtMDgtMTdUMTk6NTE6NDQuNTQ3NDA5IiwgImgiOiAibnZpZGlhLWdwdS1vcHRpbWl6ZWQtdm1pLTEtdm0iLCAidSI6ICJtYXhseXUifQ=="
}