{
    "example_source": [
        "▁我还",
        "澄清",
        "了",
        "在该",
        "会议上",
        "提出的",
        "若干",
        "事项",
        "。"
    ],
    "example_target": [
        "<s>",
        "▁i",
        "▁was",
        "▁able",
        "▁to",
        "▁provide",
        "▁clarification",
        "▁on",
        "▁some",
        "▁of",
        "▁the",
        "▁matters",
        "▁which",
        "▁were",
        "▁raised",
        "▁at",
        "▁that",
        "▁meeting",
        ".",
        "</s>"
    ],
    "hypotheses": [
        {
            "hypothesis": [
                "▁i",
                "▁would",
                "▁like",
                "▁to",
                "▁make",
                "▁the",
                "▁secretary",
                "-",
                "general",
                "▁for",
                "▁the",
                "▁secretary",
                "-",
                "general",
                "▁of",
                "▁the",
                "▁working",
                "▁group",
                "."
            ],
            "score": -29.649879455566406
        },
        {
            "hypothesis": [
                "▁i",
                "▁would",
                "▁like",
                "▁to",
                "▁make",
                "▁the",
                "▁secretary",
                "-",
                "general",
                "▁for",
                "▁the",
                "▁secretary",
                "-",
                "general",
                "▁for",
                "▁the",
                "▁working",
                "▁group",
                "."
            ],
            "score": -29.666187286376953
        },
        {
            "hypothesis": [
                "▁i",
                "▁would",
                "▁like",
                "▁to",
                "▁make",
                "▁the",
                "▁secretary",
                "-",
                "general",
                "▁of",
                "▁the",
                "▁secretary",
                "-",
                "general",
                "▁for",
                "▁the",
                "▁working",
                "▁group",
                "."
            ],
            "score": -29.782793045043945
        },
        {
            "hypothesis": [
                "▁i",
                "▁would",
                "▁like",
                "▁to",
                "▁make",
                "▁the",
                "▁secretary",
                "-",
                "general",
                "▁of",
                "▁the",
                "▁secretary",
                "-",
                "general",
                "▁of",
                "▁the",
                "▁working",
                "▁group",
                "."
            ],
            "score": -29.78282928466797
        },
        {
            "hypothesis": [
                "▁i",
                "▁would",
                "▁like",
                "▁to",
                "▁make",
                "▁the",
                "▁secretary",
                "-",
                "general",
                "▁for",
                "▁the",
                "▁secretary",
                "-",
                "general",
                "▁of",
                "▁the",
                "▁united",
                "▁nations",
                "."
            ],
            "score": -29.839017868041992
        },
        {
            "hypothesis": [
                "▁i",
                "▁would",
                "▁like",
                "▁to",
                "▁make",
                "▁the",
                "▁secretary",
                "-",
                "general",
                "▁to",
                "▁the",
                "▁secretary",
                "-",
                "general",
                "▁for",
                "▁the",
                "▁working",
                "▁group",
                "."
            ],
            "score": -29.910911560058594
        },
        {
            "hypothesis": [
                "▁i",
                "▁would",
                "▁like",
                "▁to",
                "▁make",
                "▁the",
                "▁secretary",
                "-",
                "general",
                "▁of",
                "▁the",
                "▁secretary",
                "-",
                "general",
                "▁of",
                "▁the",
                "▁united",
                "▁nations",
                "."
            ],
            "score": -29.969829559326172
        },
        {
            "hypothesis": [
                "▁i",
                "▁would",
                "▁like",
                "▁to",
                "▁make",
                "▁the",
                "▁secretary",
                "-",
                "general",
                "▁for",
                "▁the",
                "▁secretary",
                "-",
                "general",
                "▁for",
                "▁the",
                "▁working",
                "▁group",
                "▁of",
                "▁the",
                "▁working",
                "▁group",
                "."
            ],
            "score": -35.797210693359375
        },
        {
            "hypothesis": [
                "▁i",
                "▁would",
                "▁like",
                "▁to",
                "▁make",
                "▁the",
                "▁secretary",
                "-",
                "general",
                "▁of",
                "▁the",
                "▁secretary",
                "-",
                "general",
                "▁for",
                "▁the",
                "▁working",
                "▁group",
                "▁of",
                "▁the",
                "▁working",
                "▁group",
                "."
            ],
            "score": -35.848880767822266
        },
        {
            "hypothesis": [
                "▁i",
                "▁would",
                "▁like",
                "▁to",
                "▁make",
                "▁the",
                "▁secretary",
                "-",
                "general",
                "▁to",
                "▁the",
                "▁secretary",
                "-",
                "general",
                "▁for",
                "▁the",
                "▁working",
                "▁group",
                "▁of",
                "▁the",
                "▁working",
                "▁group",
                "."
            ],
            "score": -35.890018463134766
        }
    ],
    "diagnostic_info": "eyJ0IjogIjIwMjUtMDgtMTdUMTk6NTI6MTAuOTM3NDc3IiwgImgiOiAibnZpZGlhLWdwdS1vcHRpbWl6ZWQtdm1pLTEtdm0iLCAidSI6ICJtYXhseXUifQ=="
}