{
    "example_source": [
        "▁我还",
        "澄清",
        "了",
        "在该",
        "会议上",
        "提出的",
        "若干",
        "事项",
        "。"
    ],
    "example_target": [
        "<s>",
        "▁i",
        "▁was",
        "▁able",
        "▁to",
        "▁provide",
        "▁clarification",
        "▁on",
        "▁some",
        "▁of",
        "▁the",
        "▁matters",
        "▁which",
        "▁were",
        "▁raised",
        "▁at",
        "▁that",
        "▁meeting",
        ".",
        "</s>"
    ],
    "hypotheses": [
        {
            "hypothesis": [
                "▁i",
                "▁would",
                "▁also",
                "▁like",
                "▁to",
                "▁thank",
                "▁the",
                "▁meeting",
                "▁of",
                "▁the",
                "▁working",
                "▁group",
                "▁of",
                "▁the",
                "▁general",
                "▁assembly",
                "."
            ],
            "score": -27.315702438354492
        },
        {
            "hypothesis": [
                "▁i",
                "▁would",
                "▁also",
                "▁like",
                "▁to",
                "▁thank",
                "▁the",
                "▁working",
                "▁group",
                "▁of",
                "▁the",
                "▁meeting",
                "▁of",
                "▁the",
                "▁general",
                "▁assembly",
                "."
            ],
            "score": -27.393598556518555
        },
        {
            "hypothesis": [
                "▁i",
                "▁would",
                "▁also",
                "▁like",
                "▁to",
                "▁thank",
                "▁the",
                "▁working",
                "▁group",
                "▁of",
                "▁the",
                "▁working",
                "▁group",
                "▁of",
                "▁the",
                "▁general",
                "▁assembly",
                "."
            ],
            "score": -28.97222328186035
        },
        {
            "hypothesis": [
                "▁i",
                "▁would",
                "▁also",
                "▁like",
                "▁to",
                "▁thank",
                "▁the",
                "▁meeting",
                "▁of",
                "▁the",
                "▁working",
                "▁group",
                "▁of",
                "▁the",
                "▁meeting",
                "▁of",
                "▁the",
                "▁general",
                "▁assembly",
                "."
            ],
            "score": -31.539653778076172
        },
        {
            "hypothesis": [
                "▁i",
                "▁would",
                "▁also",
                "▁like",
                "▁to",
                "▁thank",
                "▁the",
                "▁meeting",
                "▁of",
                "▁the",
                "▁working",
                "▁group",
                "▁of",
                "▁the",
                "▁working",
                "▁group",
                "▁of",
                "▁the",
                "▁general",
                "▁assembly",
                "."
            ],
            "score": -33.260807037353516
        },
        {
            "hypothesis": [
                "▁i",
                "▁would",
                "▁also",
                "▁like",
                "▁to",
                "▁thank",
                "▁the",
                "▁working",
                "▁group",
                "▁of",
                "▁the",
                "▁working",
                "▁group",
                "▁of",
                "▁the",
                "▁meeting",
                "▁of",
                "▁the",
                "▁general",
                "▁assembly",
                "."
            ],
            "score": -33.29636001586914
        },
        {
            "hypothesis": [
                "▁i",
                "▁would",
                "▁also",
                "▁like",
                "▁to",
                "▁thank",
                "▁the",
                "▁working",
                "▁group",
                "▁of",
                "▁the",
                "▁working",
                "▁group",
                "▁of",
                "▁the",
                "▁meeting",
                "▁of",
                "▁the",
                "▁meeting",
                "▁of",
                "▁the",
                "▁general",
                "▁assembly",
                "."
            ],
            "score": -37.972713470458984
        },
        {
            "hypothesis": [
                "▁i",
                "▁would",
                "▁also",
                "▁like",
                "▁to",
                "▁thank",
                "▁the",
                "▁meeting",
                "▁of",
                "▁the",
                "▁working",
                "▁group",
                "▁of",
                "▁the",
                "▁working",
                "▁group",
                "▁of",
                "▁the",
                "▁meeting",
                "▁of",
                "▁the",
                "▁general",
                "▁assembly",
                "."
            ],
            "score": -37.97639083862305
        },
        {
            "hypothesis": [
                "▁i",
                "▁would",
                "▁also",
                "▁like",
                "▁to",
                "▁thank",
                "▁the",
                "▁meeting",
                "▁of",
                "▁the",
                "▁working",
                "▁group",
                "▁of",
                "▁the",
                "▁meeting",
                "▁of",
                "▁the",
                "▁general",
                "▁assembly",
                "▁in",
                "▁the",
                "▁past",
                "."
            ],
            "score": -38.88096618652344
        },
        {
            "hypothesis": [
                "▁i",
                "▁would",
                "▁also",
                "▁like",
                "▁to",
                "▁thank",
                "▁the",
                "▁working",
                "▁group",
                "▁of",
                "▁the",
                "▁working",
                "▁group",
                "▁of",
                "▁the",
                "▁meeting",
                "▁of",
                "▁the",
                "▁meeting",
                "▁of",
                "▁the",
                "▁general",
                "▁council",
                "."
            ],
            "score": -40.1233024597168
        }
    ],
    "diagnostic_info": "eyJ0IjogIjIwMjUtMDgtMTdUMTk6NTI6MzYuNjQ0OTA0IiwgImgiOiAibnZpZGlhLWdwdS1vcHRpbWl6ZWQtdm1pLTEtdm0iLCAidSI6ICJtYXhseXUifQ=="
}