{
    "example_source": [
        "▁我还",
        "澄清",
        "了",
        "在该",
        "会议上",
        "提出的",
        "若干",
        "事项",
        "。"
    ],
    "example_target": [
        "<s>",
        "▁i",
        "▁was",
        "▁able",
        "▁to",
        "▁provide",
        "▁clarification",
        "▁on",
        "▁some",
        "▁of",
        "▁the",
        "▁matters",
        "▁which",
        "▁were",
        "▁raised",
        "▁at",
        "▁that",
        "▁meeting",
        ".",
        "</s>"
    ],
    "hypotheses": [
        {
            "hypothesis": [
                "▁i",
                "▁also",
                "▁also",
                "▁also",
                "▁hoped",
                "▁that",
                "▁the",
                "▁secretary",
                "-",
                "general",
                "▁has",
                "▁also",
                "▁been",
                "▁made",
                "▁by",
                "▁the",
                "▁secretary",
                "-",
                "general",
                "'",
                "s",
                "▁working",
                "▁group",
                "."
            ],
            "score": -38.02870559692383
        },
        {
            "hypothesis": [
                "▁i",
                "▁also",
                "▁also",
                "▁also",
                "▁hoped",
                "▁that",
                "▁the",
                "▁secretary",
                "-",
                "general",
                "▁has",
                "▁also",
                "▁been",
                "▁made",
                "▁by",
                "▁the",
                "▁secretary",
                "-",
                "general",
                "▁of",
                "▁the",
                "▁meeting",
                "▁of",
                "▁the",
                "▁meeting",
                "."
            ],
            "score": -41.999813079833984
        },
        {
            "hypothesis": [
                "▁i",
                "▁also",
                "▁also",
                "▁also",
                "▁hoped",
                "▁that",
                "▁the",
                "▁secretary",
                "-",
                "general",
                "▁had",
                "▁also",
                "▁been",
                "▁made",
                "▁by",
                "▁the",
                "▁secretary",
                "-",
                "general",
                "▁of",
                "▁the",
                "▁meeting",
                "▁of",
                "▁the",
                "▁meeting",
                "."
            ],
            "score": -42.223960876464844
        },
        {
            "hypothesis": [
                "▁i",
                "▁also",
                "▁also",
                "▁also",
                "▁hoped",
                "▁that",
                "▁the",
                "▁secretary",
                "-",
                "general",
                "▁has",
                "▁also",
                "▁been",
                "▁made",
                "▁by",
                "▁the",
                "▁secretary",
                "-",
                "general",
                "▁of",
                "▁the",
                "▁meeting",
                "▁of",
                "▁the",
                "▁council",
                "."
            ],
            "score": -42.49381637573242
        },
        {
            "hypothesis": [
                "▁i",
                "▁also",
                "▁also",
                "▁also",
                "▁hoped",
                "▁that",
                "▁the",
                "▁secretary",
                "-",
                "general",
                "▁has",
                "▁also",
                "▁been",
                "▁made",
                "▁by",
                "▁the",
                "▁secretary",
                "-",
                "general",
                "▁of",
                "▁the",
                "▁meeting",
                "▁of",
                "▁the",
                "▁meeting",
                "▁of",
                "▁the",
                "▁meeting",
                "."
            ],
            "score": -47.34254837036133
        },
        {
            "hypothesis": [
                "▁i",
                "▁also",
                "▁also",
                "▁also",
                "▁hoped",
                "▁that",
                "▁the",
                "▁secretary",
                "-",
                "general",
                "▁has",
                "▁also",
                "▁been",
                "▁made",
                "▁by",
                "▁the",
                "▁secretary",
                "-",
                "general",
                "▁of",
                "▁the",
                "▁meeting",
                "▁of",
                "▁the",
                "▁meeting",
                "▁of",
                "▁the",
                "▁council",
                "."
            ],
            "score": -47.479068756103516
        },
        {
            "hypothesis": [
                "▁i",
                "▁also",
                "▁also",
                "▁also",
                "▁hoped",
                "▁that",
                "▁the",
                "▁secretary",
                "-",
                "general",
                "▁had",
                "▁also",
                "▁been",
                "▁made",
                "▁by",
                "▁the",
                "▁secretary",
                "-",
                "general",
                "▁of",
                "▁the",
                "▁meeting",
                "▁of",
                "▁the",
                "▁meeting",
                "▁of",
                "▁the",
                "▁meeting",
                "."
            ],
            "score": -47.52602767944336
        },
        {
            "hypothesis": [
                "▁i",
                "▁also",
                "▁also",
                "▁also",
                "▁hoped",
                "▁that",
                "▁the",
                "▁secretary",
                "-",
                "general",
                "▁had",
                "▁also",
                "▁been",
                "▁made",
                "▁by",
                "▁the",
                "▁secretary",
                "-",
                "general",
                "▁of",
                "▁the",
                "▁meeting",
                "▁of",
                "▁the",
                "▁meeting",
                "▁of",
                "▁the",
                "▁council",
                "."
            ],
            "score": -47.67517852783203
        },
        {
            "hypothesis": [
                "▁i",
                "▁also",
                "▁also",
                "▁also",
                "▁hoped",
                "▁that",
                "▁the",
                "▁secretary",
                "-",
                "general",
                "▁has",
                "▁also",
                "▁been",
                "▁made",
                "▁by",
                "▁the",
                "▁secretary",
                "-",
                "general",
                "▁of",
                "▁the",
                "▁meeting",
                "▁of",
                "▁the",
                "▁meeting",
                "▁of",
                "▁the",
                "▁meeting",
                "▁of",
                "▁the",
                "▁council",
                "."
            ],
            "score": -53.44060516357422
        },
        {
            "hypothesis": [
                "▁i",
                "▁also",
                "▁also",
                "▁also",
                "▁hoped",
                "▁that",
                "▁the",
                "▁secretary",
                "-",
                "general",
                "▁had",
                "▁also",
                "▁been",
                "▁made",
                "▁by",
                "▁the",
                "▁secretary",
                "-",
                "general",
                "▁of",
                "▁the",
                "▁meeting",
                "▁of",
                "▁the",
                "▁meeting",
                "▁of",
                "▁the",
                "▁meeting",
                "▁of",
                "▁the",
                "▁council",
                "."
            ],
            "score": -53.59157180786133
        }
    ],
    "diagnostic_info": "eyJ0IjogIjIwMjUtMDgtMTdUMTk6NTM6MDIuMDcyNzcyIiwgImgiOiAibnZpZGlhLWdwdS1vcHRpbWl6ZWQtdm1pLTEtdm0iLCAidSI6ICJtYXhseXUifQ=="
}