{
    "example_source": [
        "▁我还",
        "澄清",
        "了",
        "在该",
        "会议上",
        "提出的",
        "若干",
        "事项",
        "。"
    ],
    "example_target": [
        "<s>",
        "▁i",
        "▁was",
        "▁able",
        "▁to",
        "▁provide",
        "▁clarification",
        "▁on",
        "▁some",
        "▁of",
        "▁the",
        "▁matters",
        "▁which",
        "▁were",
        "▁raised",
        "▁at",
        "▁that",
        "▁meeting",
        ".",
        "</s>"
    ],
    "hypotheses": [
        {
            "hypothesis": [
                "▁i",
                "▁would",
                "▁also",
                "▁like",
                "▁to",
                "▁note",
                "▁that",
                "▁the",
                "▁secretary",
                "-",
                "general",
                "▁has",
                "▁been",
                "▁made",
                "▁by",
                "▁the",
                "▁secretary",
                "-",
                "general",
                "'",
                "s",
                "▁efforts",
                "▁to",
                "▁make",
                "▁a",
                "▁number",
                "▁of",
                "▁countries",
                "."
            ],
            "score": -43.075801849365234
        },
        {
            "hypothesis": [
                "▁i",
                "▁would",
                "▁also",
                "▁like",
                "▁to",
                "▁note",
                "▁that",
                "▁the",
                "▁secretary",
                "-",
                "general",
                "▁has",
                "▁been",
                "▁made",
                "▁by",
                "▁the",
                "▁secretary",
                "-",
                "general",
                "'",
                "s",
                "▁efforts",
                "▁to",
                "▁make",
                "▁a",
                "▁number",
                "▁of",
                "▁information",
                "."
            ],
            "score": -43.29901885986328
        },
        {
            "hypothesis": [
                "▁i",
                "▁would",
                "▁also",
                "▁like",
                "▁to",
                "▁note",
                "▁that",
                "▁the",
                "▁secretary",
                "-",
                "general",
                "▁has",
                "▁been",
                "▁made",
                "▁by",
                "▁the",
                "▁secretary",
                "-",
                "general",
                "'",
                "s",
                "▁efforts",
                "▁to",
                "▁make",
                "▁a",
                "▁number",
                "▁of",
                "▁a",
                "▁number",
                "▁of",
                "▁countries",
                "."
            ],
            "score": -48.17842102050781
        },
        {
            "hypothesis": [
                "▁i",
                "▁would",
                "▁also",
                "▁like",
                "▁to",
                "▁note",
                "▁that",
                "▁the",
                "▁secretary",
                "-",
                "general",
                "▁has",
                "▁been",
                "▁made",
                "▁by",
                "▁the",
                "▁secretary",
                "-",
                "general",
                "'",
                "s",
                "▁efforts",
                "▁to",
                "▁make",
                "▁a",
                "▁number",
                "▁of",
                "▁a",
                "▁number",
                "▁of",
                "▁information",
                "."
            ],
            "score": -48.388824462890625
        },
        {
            "hypothesis": [
                "▁i",
                "▁would",
                "▁also",
                "▁like",
                "▁to",
                "▁note",
                "▁that",
                "▁the",
                "▁secretary",
                "-",
                "general",
                "▁has",
                "▁been",
                "▁made",
                "▁by",
                "▁the",
                "▁secretary",
                "-",
                "general",
                "'",
                "s",
                "▁efforts",
                "▁to",
                "▁make",
                "▁a",
                "▁number",
                "▁of",
                "▁information",
                "▁on",
                "▁a",
                "▁number",
                "▁of",
                "▁information",
                "."
            ],
            "score": -52.161869049072266
        },
        {
            "hypothesis": [
                "▁i",
                "▁would",
                "▁also",
                "▁like",
                "▁to",
                "▁note",
                "▁that",
                "▁the",
                "▁secretary",
                "-",
                "general",
                "▁has",
                "▁been",
                "▁made",
                "▁by",
                "▁the",
                "▁secretary",
                "-",
                "general",
                "'",
                "s",
                "▁efforts",
                "▁to",
                "▁make",
                "▁a",
                "▁number",
                "▁of",
                "▁number",
                "▁of",
                "▁a",
                "▁number",
                "▁of",
                "▁information",
                "."
            ],
            "score": -52.23983383178711
        },
        {
            "hypothesis": [
                "▁i",
                "▁would",
                "▁also",
                "▁like",
                "▁to",
                "▁note",
                "▁that",
                "▁the",
                "▁secretary",
                "-",
                "general",
                "▁has",
                "▁been",
                "▁made",
                "▁by",
                "▁the",
                "▁secretary",
                "-",
                "general",
                "'",
                "s",
                "▁efforts",
                "▁to",
                "▁make",
                "▁a",
                "▁number",
                "▁of",
                "▁a",
                "▁number",
                "▁of",
                "▁a",
                "▁number",
                "▁of",
                "▁information",
                "."
            ],
            "score": -53.76152038574219
        },
        {
            "hypothesis": [
                "▁i",
                "▁would",
                "▁also",
                "▁like",
                "▁to",
                "▁note",
                "▁that",
                "▁the",
                "▁secretary",
                "-",
                "general",
                "▁has",
                "▁been",
                "▁made",
                "▁by",
                "▁the",
                "▁secretary",
                "-",
                "general",
                "'",
                "s",
                "▁efforts",
                "▁to",
                "▁make",
                "▁a",
                "▁number",
                "▁of",
                "▁number",
                "▁of",
                "▁a",
                "▁number",
                "▁of",
                "▁a",
                "▁number",
                "▁of",
                "▁information",
                "."
            ],
            "score": -57.766536712646484
        },
        {
            "hypothesis": [
                "▁i",
                "▁would",
                "▁also",
                "▁like",
                "▁to",
                "▁note",
                "▁that",
                "▁the",
                "▁secretary",
                "-",
                "general",
                "▁has",
                "▁been",
                "▁made",
                "▁by",
                "▁the",
                "▁secretary",
                "-",
                "general",
                "'",
                "s",
                "▁efforts",
                "▁to",
                "▁make",
                "▁a",
                "▁number",
                "▁of",
                "▁a",
                "▁number",
                "▁of",
                "▁a",
                "▁number",
                "▁of",
                "▁a",
                "▁number",
                "▁of",
                "▁information",
                "."
            ],
            "score": -59.3327522277832
        },
        {
            "hypothesis": [
                "▁i",
                "▁would",
                "▁also",
                "▁like",
                "▁to",
                "▁note",
                "▁that",
                "▁the",
                "▁secretary",
                "-",
                "general",
                "▁has",
                "▁been",
                "▁made",
                "▁by",
                "▁the",
                "▁secretary",
                "-",
                "general",
                "'",
                "s",
                "▁efforts",
                "▁to",
                "▁make",
                "▁a",
                "▁number",
                "▁of",
                "▁a",
                "▁number",
                "▁of",
                "▁a",
                "▁number",
                "▁of",
                "▁a",
                "▁number",
                "▁of",
                "▁a",
                "▁number",
                "▁of",
                "▁information",
                "."
            ],
            "score": -65.0785140991211
        }
    ],
    "diagnostic_info": "eyJ0IjogIjIwMjUtMDgtMTdUMTk6NTM6MjcuNjYyMTc5IiwgImgiOiAibnZpZGlhLWdwdS1vcHRpbWl6ZWQtdm1pLTEtdm0iLCAidSI6ICJtYXhseXUifQ=="
}