{
    "example_source": [
        "▁我还",
        "澄清",
        "了",
        "在该",
        "会议上",
        "提出的",
        "若干",
        "事项",
        "。"
    ],
    "example_target": [
        "<s>",
        "▁i",
        "▁was",
        "▁able",
        "▁to",
        "▁provide",
        "▁clarification",
        "▁on",
        "▁some",
        "▁of",
        "▁the",
        "▁matters",
        "▁which",
        "▁were",
        "▁raised",
        "▁at",
        "▁that",
        "▁meeting",
        ".",
        "</s>"
    ],
    "hypotheses": [
        {
            "hypothesis": [
                "▁i",
                "▁would",
                "▁also",
                "▁like",
                "▁to",
                "▁note",
                "▁that",
                "▁there",
                "▁was",
                "▁a",
                "▁number",
                "▁of",
                "▁a",
                "▁number",
                "▁of",
                "▁a",
                "▁number",
                "▁of",
                "▁a",
                "▁number",
                "▁of",
                "▁number",
                "▁of",
                "▁a",
                "▁number",
                "▁of",
                "▁issues",
                "."
            ],
            "score": -32.24332809448242
        },
        {
            "hypothesis": [
                "▁i",
                "▁would",
                "▁also",
                "▁like",
                "▁to",
                "▁note",
                "▁that",
                "▁there",
                "▁was",
                "▁a",
                "▁number",
                "▁of",
                "▁a",
                "▁number",
                "▁of",
                "▁a",
                "▁number",
                "▁of",
                "▁a",
                "▁number",
                "▁of",
                "▁a",
                "▁number",
                "▁of",
                "▁a",
                "▁number",
                "▁of",
                "▁issues",
                "."
            ],
            "score": -33.16908264160156
        },
        {
            "hypothesis": [
                "▁i",
                "▁would",
                "▁also",
                "▁like",
                "▁to",
                "▁note",
                "▁that",
                "▁there",
                "▁was",
                "▁a",
                "▁number",
                "▁of",
                "▁a",
                "▁number",
                "▁of",
                "▁a",
                "▁number",
                "▁of",
                "▁a",
                "▁number",
                "▁of",
                "▁number",
                "▁of",
                "▁a",
                "▁number",
                "▁of",
                "▁a",
                "▁number",
                "▁of",
                "▁issues",
                "."
            ],
            "score": -35.618919372558594
        },
        {
            "hypothesis": [
                "▁i",
                "▁would",
                "▁also",
                "▁like",
                "▁to",
                "▁note",
                "▁that",
                "▁there",
                "▁was",
                "▁a",
                "▁number",
                "▁of",
                "▁a",
                "▁number",
                "▁of",
                "▁a",
                "▁number",
                "▁of",
                "▁a",
                "▁number",
                "▁of",
                "▁a",
                "▁number",
                "▁of",
                "▁number",
                "▁of",
                "▁a",
                "▁number",
                "▁of",
                "▁issues",
                "."
            ],
            "score": -35.675933837890625
        },
        {
            "hypothesis": [
                "▁i",
                "▁would",
                "▁also",
                "▁like",
                "▁to",
                "▁note",
                "▁that",
                "▁there",
                "▁was",
                "▁a",
                "▁number",
                "▁of",
                "▁a",
                "▁number",
                "▁of",
                "▁a",
                "▁number",
                "▁of",
                "▁a",
                "▁number",
                "▁of",
                "▁a",
                "▁number",
                "▁of",
                "▁a",
                "▁number",
                "▁of",
                "▁a",
                "▁number",
                "▁of",
                "▁issues",
                "."
            ],
            "score": -36.55833053588867
        },
        {
            "hypothesis": [
                "▁i",
                "▁would",
                "▁also",
                "▁like",
                "▁to",
                "▁note",
                "▁that",
                "▁there",
                "▁was",
                "▁a",
                "▁number",
                "▁of",
                "▁a",
                "▁number",
                "▁of",
                "▁a",
                "▁number",
                "▁of",
                "▁a",
                "▁number",
                "▁of",
                "▁number",
                "▁of",
                "▁a",
                "▁number",
                "▁of",
                "▁a",
                "▁number",
                "▁of",
                "▁a",
                "▁number",
                "▁of",
                "▁issues",
                "."
            ],
            "score": -39.229618072509766
        },
        {
            "hypothesis": [
                "▁i",
                "▁would",
                "▁also",
                "▁like",
                "▁to",
                "▁note",
                "▁that",
                "▁there",
                "▁was",
                "▁a",
                "▁number",
                "▁of",
                "▁a",
                "▁number",
                "▁of",
                "▁a",
                "▁number",
                "▁of",
                "▁a",
                "▁number",
                "▁of",
                "▁a",
                "▁number",
                "▁of",
                "▁a",
                "▁number",
                "▁of",
                "▁a",
                "▁number",
                "▁of",
                "▁a",
                "▁number",
                "▁of",
                "▁issues",
                "."
            ],
            "score": -40.20821762084961
        },
        {
            "hypothesis": [
                "▁i",
                "▁would",
                "▁also",
                "▁like",
                "▁to",
                "▁note",
                "▁that",
                "▁there",
                "▁was",
                "▁a",
                "▁number",
                "▁of",
                "▁a",
                "▁number",
                "▁of",
                "▁a",
                "▁number",
                "▁of",
                "▁a",
                "▁number",
                "▁of",
                "▁number",
                "▁of",
                "▁a",
                "▁number",
                "▁of",
                "▁a",
                "▁number",
                "▁of",
                "▁number",
                "▁of",
                "▁a",
                "▁number",
                "▁of",
                "▁issues",
                "."
            ],
            "score": -42.33010482788086
        },
        {
            "hypothesis": [
                "▁i",
                "▁would",
                "▁also",
                "▁like",
                "▁to",
                "▁note",
                "▁that",
                "▁there",
                "▁was",
                "▁a",
                "▁number",
                "▁of",
                "▁a",
                "▁number",
                "▁of",
                "▁a",
                "▁number",
                "▁of",
                "▁a",
                "▁number",
                "▁of",
                "▁a",
                "▁number",
                "▁of",
                "▁a",
                "▁number",
                "▁of",
                "▁a",
                "▁number",
                "▁of",
                "▁a",
                "▁number",
                "▁of",
                "▁number",
                "▁of",
                "▁issues",
                "."
            ],
            "score": -43.913448333740234
        },
        {
            "hypothesis": [
                "▁i",
                "▁would",
                "▁also",
                "▁like",
                "▁to",
                "▁note",
                "▁that",
                "▁there",
                "▁was",
                "▁a",
                "▁number",
                "▁of",
                "▁a",
                "▁number",
                "▁of",
                "▁a",
                "▁number",
                "▁of",
                "▁a",
                "▁number",
                "▁of",
                "▁a",
                "▁number",
                "▁of",
                "▁a",
                "▁number",
                "▁of",
                "▁a",
                "▁number",
                "▁of",
                "▁a",
                "▁number",
                "▁of",
                "▁issues",
                "▁in",
                "▁the",
                "▁conference",
                "."
            ],
            "score": -45.16600036621094
        }
    ],
    "diagnostic_info": "eyJ0IjogIjIwMjUtMDgtMTdUMTk6NTQ6NDQuNzI2ODQyIiwgImgiOiAibnZpZGlhLWdwdS1vcHRpbWl6ZWQtdm1pLTEtdm0iLCAidSI6ICJtYXhseXUifQ=="
}