{
    "example_source": [
        "▁我还",
        "澄清",
        "了",
        "在该",
        "会议上",
        "提出的",
        "若干",
        "事项",
        "。"
    ],
    "example_target": [
        "<s>",
        "▁i",
        "▁was",
        "▁able",
        "▁to",
        "▁provide",
        "▁clarification",
        "▁on",
        "▁some",
        "▁of",
        "▁the",
        "▁matters",
        "▁which",
        "▁were",
        "▁raised",
        "▁at",
        "▁that",
        "▁meeting",
        ".",
        "</s>"
    ],
    "hypotheses": [
        {
            "hypothesis": [
                "▁i",
                "▁would",
                "▁also",
                "▁like",
                "▁to",
                "▁see",
                "▁a",
                "▁number",
                "▁of",
                "▁number",
                "▁of",
                "▁number",
                "▁of",
                "▁number",
                "▁of",
                "▁number",
                "▁of",
                "▁number",
                "s",
                "."
            ],
            "score": -24.811416625976562
        },
        {
            "hypothesis": [
                "▁i",
                "▁would",
                "▁also",
                "▁like",
                "▁to",
                "▁see",
                "▁a",
                "▁number",
                "▁of",
                "▁number",
                "▁of",
                "▁number",
                "▁of",
                "▁number",
                "▁of",
                "▁number",
                "▁of",
                "▁number",
                "▁of",
                "▁number",
                "s",
                "."
            ],
            "score": -27.37864875793457
        },
        {
            "hypothesis": [
                "▁i",
                "▁would",
                "▁also",
                "▁like",
                "▁to",
                "▁see",
                "▁the",
                "▁number",
                "▁of",
                "▁number",
                "▁of",
                "▁number",
                "▁of",
                "▁number",
                "▁of",
                "▁number",
                "▁of",
                "▁number",
                "▁of",
                "▁number",
                "s",
                "."
            ],
            "score": -27.961992263793945
        },
        {
            "hypothesis": [
                "▁i",
                "▁would",
                "▁also",
                "▁like",
                "▁to",
                "▁see",
                "▁a",
                "▁number",
                "▁of",
                "▁number",
                "▁of",
                "▁number",
                "▁of",
                "▁number",
                "▁of",
                "▁number",
                "▁of",
                "▁number",
                "s",
                "▁in",
                "▁the",
                "▁meeting",
                "."
            ],
            "score": -28.940731048583984
        },
        {
            "hypothesis": [
                "▁i",
                "▁would",
                "▁also",
                "▁like",
                "▁to",
                "▁see",
                "▁a",
                "▁number",
                "▁of",
                "▁number",
                "▁of",
                "▁number",
                "▁of",
                "▁number",
                "▁of",
                "▁number",
                "▁of",
                "▁number",
                "▁of",
                "▁number",
                "▁of",
                "▁number",
                "s",
                "."
            ],
            "score": -30.270322799682617
        },
        {
            "hypothesis": [
                "▁i",
                "▁would",
                "▁also",
                "▁like",
                "▁to",
                "▁see",
                "▁the",
                "▁number",
                "▁of",
                "▁number",
                "▁of",
                "▁number",
                "▁of",
                "▁number",
                "▁of",
                "▁number",
                "▁of",
                "▁number",
                "▁of",
                "▁number",
                "▁of",
                "▁number",
                "s",
                "."
            ],
            "score": -30.854753494262695
        },
        {
            "hypothesis": [
                "▁i",
                "▁would",
                "▁also",
                "▁like",
                "▁to",
                "▁see",
                "▁a",
                "▁number",
                "▁of",
                "▁number",
                "▁of",
                "▁number",
                "▁of",
                "▁number",
                "▁of",
                "▁number",
                "▁of",
                "▁number",
                "▁of",
                "▁number",
                "s",
                "▁in",
                "▁the",
                "▁meeting",
                "."
            ],
            "score": -31.745986938476562
        },
        {
            "hypothesis": [
                "▁i",
                "▁would",
                "▁also",
                "▁like",
                "▁to",
                "▁see",
                "▁a",
                "▁number",
                "▁of",
                "▁number",
                "▁of",
                "▁number",
                "▁of",
                "▁number",
                "▁of",
                "▁number",
                "▁of",
                "▁number",
                "▁of",
                "▁number",
                "▁of",
                "▁number",
                "▁of",
                "▁number",
                "s",
                "."
            ],
            "score": -33.54191207885742
        },
        {
            "hypothesis": [
                "▁i",
                "▁would",
                "▁also",
                "▁like",
                "▁to",
                "▁see",
                "▁a",
                "▁number",
                "▁of",
                "▁number",
                "▁of",
                "▁number",
                "▁of",
                "▁number",
                "▁of",
                "▁number",
                "▁of",
                "▁number",
                "▁of",
                "▁number",
                "▁of",
                "▁number",
                "s",
                "▁in",
                "▁the",
                "▁meeting",
                "."
            ],
            "score": -34.9517936706543
        },
        {
            "hypothesis": [
                "▁i",
                "▁would",
                "▁also",
                "▁like",
                "▁to",
                "▁see",
                "▁a",
                "▁number",
                "▁of",
                "▁number",
                "▁of",
                "▁number",
                "▁of",
                "▁number",
                "▁of",
                "▁number",
                "▁of",
                "▁number",
                "▁of",
                "▁number",
                "▁of",
                "▁number",
                "▁of",
                "▁number",
                "s",
                "▁of",
                "▁the",
                "▁meeting",
                "."
            ],
            "score": -39.06608200073242
        }
    ],
    "diagnostic_info": "eyJ0IjogIjIwMjUtMDgtMTdUMTk6NTU6MTEuMTY3NDE3IiwgImgiOiAibnZpZGlhLWdwdS1vcHRpbWl6ZWQtdm1pLTEtdm0iLCAidSI6ICJtYXhseXUifQ=="
}