{
    "example_source": [
        "▁我还",
        "澄清",
        "了",
        "在该",
        "会议上",
        "提出的",
        "若干",
        "事项",
        "。"
    ],
    "example_target": [
        "<s>",
        "▁i",
        "▁was",
        "▁able",
        "▁to",
        "▁provide",
        "▁clarification",
        "▁on",
        "▁some",
        "▁of",
        "▁the",
        "▁matters",
        "▁which",
        "▁were",
        "▁raised",
        "▁at",
        "▁that",
        "▁meeting",
        ".",
        "</s>"
    ],
    "hypotheses": [
        {
            "hypothesis": [
                "▁i",
                "▁would",
                "▁like",
                "▁to",
                "▁thank",
                "▁the",
                "▁number",
                "▁of",
                "▁number",
                "▁of",
                "▁number",
                "▁of",
                "▁number",
                "▁of",
                "▁number",
                "▁of",
                "▁issues",
                "."
            ],
            "score": -23.186716079711914
        },
        {
            "hypothesis": [
                "▁i",
                "▁would",
                "▁also",
                "▁like",
                "▁to",
                "▁thank",
                "▁the",
                "▁number",
                "▁of",
                "▁number",
                "▁of",
                "▁number",
                "▁of",
                "▁number",
                "▁of",
                "▁number",
                "▁of",
                "▁issues",
                "."
            ],
            "score": -24.28272819519043
        },
        {
            "hypothesis": [
                "▁i",
                "▁would",
                "▁like",
                "▁to",
                "▁thank",
                "▁the",
                "▁number",
                "▁of",
                "▁number",
                "▁of",
                "▁number",
                "▁of",
                "▁number",
                "▁of",
                "▁number",
                "▁of",
                "▁number",
                "▁of",
                "▁issues",
                "."
            ],
            "score": -25.59984016418457
        },
        {
            "hypothesis": [
                "▁i",
                "▁would",
                "▁also",
                "▁like",
                "▁to",
                "▁thank",
                "▁the",
                "▁number",
                "▁of",
                "▁number",
                "▁of",
                "▁number",
                "▁of",
                "▁number",
                "▁of",
                "▁number",
                "▁of",
                "▁number",
                "▁of",
                "▁issues",
                "."
            ],
            "score": -26.881439208984375
        },
        {
            "hypothesis": [
                "▁i",
                "▁would",
                "▁also",
                "▁like",
                "▁to",
                "▁thank",
                "▁the",
                "▁number",
                "▁of",
                "▁number",
                "▁of",
                "▁number",
                "▁of",
                "▁number",
                "▁of",
                "▁number",
                "▁of",
                "▁number",
                "▁of",
                "▁questions",
                "."
            ],
            "score": -27.566667556762695
        },
        {
            "hypothesis": [
                "▁i",
                "▁would",
                "▁like",
                "▁to",
                "▁thank",
                "▁the",
                "▁number",
                "▁of",
                "▁number",
                "▁of",
                "▁number",
                "▁of",
                "▁number",
                "▁of",
                "▁number",
                "▁of",
                "▁number",
                "▁of",
                "▁number",
                "▁of",
                "▁issues",
                "."
            ],
            "score": -28.421127319335938
        },
        {
            "hypothesis": [
                "▁i",
                "▁would",
                "▁also",
                "▁like",
                "▁to",
                "▁thank",
                "▁the",
                "▁number",
                "▁of",
                "▁number",
                "▁of",
                "▁number",
                "▁of",
                "▁number",
                "▁of",
                "▁number",
                "▁of",
                "▁number",
                "▁of",
                "▁number",
                "▁of",
                "▁issues",
                "."
            ],
            "score": -29.85796546936035
        },
        {
            "hypothesis": [
                "▁i",
                "▁would",
                "▁like",
                "▁to",
                "▁thank",
                "▁the",
                "▁number",
                "▁of",
                "▁number",
                "▁of",
                "▁number",
                "▁of",
                "▁number",
                "▁of",
                "▁number",
                "▁of",
                "▁number",
                "▁of",
                "▁number",
                "▁of",
                "▁number",
                "▁of",
                "▁issues",
                "."
            ],
            "score": -31.546279907226562
        },
        {
            "hypothesis": [
                "▁i",
                "▁would",
                "▁also",
                "▁like",
                "▁to",
                "▁thank",
                "▁the",
                "▁number",
                "▁of",
                "▁number",
                "▁of",
                "▁number",
                "▁of",
                "▁number",
                "▁of",
                "▁number",
                "▁of",
                "▁number",
                "▁of",
                "▁number",
                "▁of",
                "▁number",
                "▁of",
                "▁issues",
                "."
            ],
            "score": -33.09544372558594
        },
        {
            "hypothesis": [
                "▁i",
                "▁would",
                "▁also",
                "▁like",
                "▁to",
                "▁thank",
                "▁the",
                "▁number",
                "▁of",
                "▁number",
                "▁of",
                "▁number",
                "▁of",
                "▁number",
                "▁of",
                "▁number",
                "▁of",
                "▁number",
                "▁of",
                "▁number",
                "▁of",
                "▁number",
                "▁of",
                "▁issues",
                "▁in",
                "▁the",
                "▁meeting",
                "."
            ],
            "score": -38.35997772216797
        }
    ],
    "diagnostic_info": "eyJ0IjogIjIwMjUtMDgtMTdUMTk6NTU6MzcuNDk3ODI4IiwgImgiOiAibnZpZGlhLWdwdS1vcHRpbWl6ZWQtdm1pLTEtdm0iLCAidSI6ICJtYXhseXUifQ=="
}