{
    "example_source": [
        "▁我还",
        "澄清",
        "了",
        "在该",
        "会议上",
        "提出的",
        "若干",
        "事项",
        "。"
    ],
    "example_target": [
        "<s>",
        "▁i",
        "▁was",
        "▁able",
        "▁to",
        "▁provide",
        "▁clarification",
        "▁on",
        "▁some",
        "▁of",
        "▁the",
        "▁matters",
        "▁which",
        "▁were",
        "▁raised",
        "▁at",
        "▁that",
        "▁meeting",
        ".",
        "</s>"
    ],
    "hypotheses": [
        {
            "hypothesis": [
                "▁i",
                "▁wish",
                "▁also",
                "▁clarification",
                "▁on",
                "▁a",
                "▁number",
                "▁of",
                "▁number",
                "▁of",
                "▁issues",
                "▁in",
                "▁the",
                "▁meeting",
                "."
            ],
            "score": -20.04286766052246
        },
        {
            "hypothesis": [
                "▁i",
                "▁also",
                "▁wish",
                "▁to",
                "▁recall",
                "▁a",
                "▁number",
                "▁of",
                "▁attention",
                "▁to",
                "▁a",
                "▁number",
                "▁of",
                "▁issues",
                "."
            ],
            "score": -20.288793563842773
        },
        {
            "hypothesis": [
                "▁i",
                "▁also",
                "▁wish",
                "▁to",
                "▁recall",
                "▁a",
                "▁number",
                "▁of",
                "▁attention",
                "▁to",
                "▁a",
                "▁number",
                "▁of",
                "▁specific",
                "▁issues",
                "."
            ],
            "score": -21.019010543823242
        },
        {
            "hypothesis": [
                "▁i",
                "▁wish",
                "▁also",
                "▁clarification",
                "▁on",
                "▁a",
                "▁number",
                "▁of",
                "▁number",
                "▁of",
                "▁issues",
                "▁in",
                "▁the",
                "▁meeting",
                "▁of",
                "▁the",
                "▁meeting",
                "."
            ],
            "score": -22.086008071899414
        },
        {
            "hypothesis": [
                "▁i",
                "▁also",
                "▁wish",
                "▁to",
                "▁recall",
                "▁a",
                "▁number",
                "▁of",
                "▁attention",
                "▁to",
                "▁a",
                "▁number",
                "▁of",
                "▁number",
                "▁of",
                "▁issues",
                "."
            ],
            "score": -22.16365623474121
        },
        {
            "hypothesis": [
                "▁i",
                "▁wish",
                "▁also",
                "▁clarification",
                "▁on",
                "▁a",
                "▁number",
                "▁of",
                "▁number",
                "▁of",
                "▁issues",
                "▁in",
                "▁the",
                "▁meeting",
                "▁of",
                "▁the",
                "▁conference",
                "."
            ],
            "score": -22.51576805114746
        },
        {
            "hypothesis": [
                "▁i",
                "▁wish",
                "▁also",
                "▁clarification",
                "▁on",
                "▁a",
                "▁number",
                "▁of",
                "▁number",
                "▁of",
                "▁attention",
                "▁to",
                "▁a",
                "▁number",
                "▁of",
                "▁issues",
                "."
            ],
            "score": -22.77501106262207
        },
        {
            "hypothesis": [
                "▁i",
                "▁also",
                "▁wish",
                "▁to",
                "▁recall",
                "▁a",
                "▁number",
                "▁of",
                "▁attention",
                "▁to",
                "▁a",
                "▁number",
                "▁of",
                "▁issues",
                "▁in",
                "▁the",
                "▁meeting",
                "."
            ],
            "score": -23.325891494750977
        },
        {
            "hypothesis": [
                "▁i",
                "▁also",
                "▁wish",
                "▁to",
                "▁recall",
                "▁a",
                "▁number",
                "▁of",
                "▁attention",
                "▁to",
                "▁a",
                "▁number",
                "▁of",
                "▁a",
                "▁number",
                "▁of",
                "▁issues",
                "."
            ],
            "score": -23.803049087524414
        },
        {
            "hypothesis": [
                "▁i",
                "▁also",
                "▁wish",
                "▁to",
                "▁recall",
                "▁a",
                "▁number",
                "▁of",
                "▁attention",
                "▁to",
                "▁a",
                "▁number",
                "▁of",
                "▁a",
                "▁number",
                "▁of",
                "▁number",
                "▁of",
                "▁issues",
                "."
            ],
            "score": -26.350482940673828
        }
    ],
    "diagnostic_info": "eyJ0IjogIjIwMjUtMDgtMTdUMTk6NTY6MDMuMDg4NDAyIiwgImgiOiAibnZpZGlhLWdwdS1vcHRpbWl6ZWQtdm1pLTEtdm0iLCAidSI6ICJtYXhseXUifQ=="
}