{
    "example_source": [
        "▁我还",
        "澄清",
        "了",
        "在该",
        "会议上",
        "提出的",
        "若干",
        "事项",
        "。"
    ],
    "example_target": [
        "<s>",
        "▁i",
        "▁was",
        "▁able",
        "▁to",
        "▁provide",
        "▁clarification",
        "▁on",
        "▁some",
        "▁of",
        "▁the",
        "▁matters",
        "▁which",
        "▁were",
        "▁raised",
        "▁at",
        "▁that",
        "▁meeting",
        ".",
        "</s>"
    ],
    "hypotheses": [
        {
            "hypothesis": [
                "▁i",
                "▁also",
                "▁clarification",
                "▁that",
                "▁there",
                "▁was",
                "▁a",
                "▁number",
                "▁of",
                "▁cases",
                "▁in",
                "▁the",
                "▁conference",
                "."
            ],
            "score": -15.193979263305664
        },
        {
            "hypothesis": [
                "▁i",
                "▁also",
                "▁clarification",
                "▁that",
                "▁there",
                "▁was",
                "▁a",
                "▁number",
                "▁of",
                "▁cases",
                "▁in",
                "▁the",
                "▁conference",
                "▁on",
                "▁the",
                "▁conference",
                "."
            ],
            "score": -17.14892578125
        },
        {
            "hypothesis": [
                "▁i",
                "▁also",
                "▁clarification",
                "▁that",
                "▁there",
                "▁was",
                "▁a",
                "▁number",
                "▁of",
                "▁number",
                "▁of",
                "▁cases",
                "▁in",
                "▁the",
                "▁conference",
                "."
            ],
            "score": -17.30027198791504
        },
        {
            "hypothesis": [
                "▁i",
                "▁also",
                "▁express",
                "▁clarification",
                "▁to",
                "▁the",
                "▁number",
                "▁of",
                "▁cases",
                "▁in",
                "▁the",
                "▁conference",
                "▁on",
                "▁the",
                "▁conference",
                "."
            ],
            "score": -17.326066970825195
        },
        {
            "hypothesis": [
                "▁i",
                "▁should",
                "▁also",
                "▁like",
                "▁clarification",
                "▁to",
                "▁the",
                "▁number",
                "▁of",
                "▁cases",
                "▁in",
                "▁the",
                "▁conference",
                "▁on",
                "▁the",
                "▁conference",
                "."
            ],
            "score": -18.2038631439209
        },
        {
            "hypothesis": [
                "▁i",
                "▁should",
                "▁also",
                "▁like",
                "▁clarification",
                "▁on",
                "▁the",
                "▁number",
                "▁of",
                "▁cases",
                "▁in",
                "▁the",
                "▁conference",
                "▁on",
                "▁the",
                "▁conference",
                "."
            ],
            "score": -18.214677810668945
        },
        {
            "hypothesis": [
                "▁i",
                "▁would",
                "▁also",
                "▁like",
                "▁clarification",
                "▁to",
                "▁the",
                "▁number",
                "▁of",
                "▁cases",
                "▁in",
                "▁the",
                "▁conference",
                "▁on",
                "▁the",
                "▁conference",
                "."
            ],
            "score": -18.22806167602539
        },
        {
            "hypothesis": [
                "▁i",
                "▁also",
                "▁clarification",
                "▁that",
                "▁there",
                "▁was",
                "▁a",
                "▁number",
                "▁of",
                "▁cases",
                "▁in",
                "▁the",
                "▁conference",
                "▁at",
                "▁the",
                "▁conference",
                "."
            ],
            "score": -18.254362106323242
        },
        {
            "hypothesis": [
                "▁i",
                "▁also",
                "▁clarification",
                "▁that",
                "▁there",
                "▁was",
                "▁a",
                "▁number",
                "▁of",
                "▁cases",
                "▁in",
                "▁the",
                "▁conference",
                "▁in",
                "▁the",
                "▁conference",
                "."
            ],
            "score": -18.376602172851562
        },
        {
            "hypothesis": [
                "▁i",
                "▁also",
                "▁clarification",
                "▁that",
                "▁there",
                "▁was",
                "▁a",
                "▁number",
                "▁of",
                "▁cases",
                "▁in",
                "▁the",
                "▁conference",
                "▁on",
                "▁the",
                "▁meeting",
                "."
            ],
            "score": -18.438398361206055
        }
    ],
    "diagnostic_info": "eyJ0IjogIjIwMjUtMDgtMTdUMTk6NTc6NDUuOTQ1NDI3IiwgImgiOiAibnZpZGlhLWdwdS1vcHRpbWl6ZWQtdm1pLTEtdm0iLCAidSI6ICJtYXhseXUifQ=="
}