{
    "example_source": [
        "▁我还",
        "澄清",
        "了",
        "在该",
        "会议上",
        "提出的",
        "若干",
        "事项",
        "。"
    ],
    "example_target": [
        "<s>",
        "▁i",
        "▁was",
        "▁able",
        "▁to",
        "▁provide",
        "▁clarification",
        "▁on",
        "▁some",
        "▁of",
        "▁the",
        "▁matters",
        "▁which",
        "▁were",
        "▁raised",
        "▁at",
        "▁that",
        "▁meeting",
        ".",
        "</s>"
    ],
    "hypotheses": [
        {
            "hypothesis": [
                "▁i",
                "▁also",
                "▁wish",
                "▁to",
                "▁clarify",
                "▁the",
                "▁number",
                "▁of",
                "▁a",
                "▁number",
                "▁of",
                "▁cases",
                "▁in",
                "▁the",
                "▁conference",
                "."
            ],
            "score": -19.018611907958984
        },
        {
            "hypothesis": [
                "▁i",
                "▁also",
                "▁wish",
                "▁to",
                "▁clarify",
                "▁the",
                "▁number",
                "▁of",
                "▁a",
                "▁number",
                "▁of",
                "▁issues",
                "▁in",
                "▁the",
                "▁conference",
                "."
            ],
            "score": -19.25648307800293
        },
        {
            "hypothesis": [
                "▁i",
                "▁would",
                "▁also",
                "▁like",
                "▁to",
                "▁clarify",
                "▁the",
                "▁number",
                "▁of",
                "▁a",
                "▁number",
                "▁of",
                "▁cases",
                "▁in",
                "▁the",
                "▁conference",
                "."
            ],
            "score": -20.162944793701172
        },
        {
            "hypothesis": [
                "▁i",
                "▁would",
                "▁also",
                "▁like",
                "▁clarification",
                "▁to",
                "▁clarify",
                "▁the",
                "▁number",
                "▁of",
                "▁a",
                "▁number",
                "▁of",
                "▁cases",
                "▁in",
                "▁the",
                "▁conference",
                "."
            ],
            "score": -21.160524368286133
        },
        {
            "hypothesis": [
                "▁i",
                "▁would",
                "▁also",
                "▁like",
                "▁to",
                "▁clarify",
                "▁the",
                "▁number",
                "▁of",
                "▁questions",
                "▁in",
                "▁the",
                "▁conference",
                "▁on",
                "▁a",
                "▁number",
                "▁of",
                "▁matters",
                "."
            ],
            "score": -22.24855613708496
        },
        {
            "hypothesis": [
                "▁i",
                "▁would",
                "▁also",
                "▁like",
                "▁to",
                "▁clarify",
                "▁the",
                "▁number",
                "▁of",
                "▁questions",
                "▁in",
                "▁the",
                "▁conference",
                "▁on",
                "▁a",
                "▁number",
                "▁of",
                "▁cases",
                "."
            ],
            "score": -22.42789077758789
        },
        {
            "hypothesis": [
                "▁i",
                "▁would",
                "▁also",
                "▁like",
                "▁clarification",
                "▁to",
                "▁clarify",
                "▁the",
                "▁number",
                "▁of",
                "▁cases",
                "▁in",
                "▁the",
                "▁conference",
                "▁on",
                "▁a",
                "▁number",
                "▁of",
                "▁matters",
                "."
            ],
            "score": -23.07059669494629
        },
        {
            "hypothesis": [
                "▁i",
                "▁would",
                "▁also",
                "▁like",
                "▁clarification",
                "▁to",
                "▁clarify",
                "▁the",
                "▁number",
                "▁of",
                "▁cases",
                "▁in",
                "▁the",
                "▁conference",
                "▁on",
                "▁a",
                "▁number",
                "▁of",
                "▁cases",
                "."
            ],
            "score": -23.426408767700195
        },
        {
            "hypothesis": [
                "▁i",
                "▁also",
                "▁wish",
                "▁to",
                "▁clarify",
                "▁the",
                "▁number",
                "▁of",
                "▁a",
                "▁number",
                "▁of",
                "▁cases",
                "▁in",
                "▁the",
                "▁conference",
                "▁on",
                "▁a",
                "▁number",
                "▁of",
                "▁matters",
                "."
            ],
            "score": -24.13458824157715
        },
        {
            "hypothesis": [
                "▁i",
                "▁also",
                "▁wish",
                "▁to",
                "▁clarify",
                "▁the",
                "▁number",
                "▁of",
                "▁a",
                "▁number",
                "▁of",
                "▁cases",
                "▁in",
                "▁the",
                "▁conference",
                "▁on",
                "▁a",
                "▁number",
                "▁of",
                "▁cases",
                "."
            ],
            "score": -24.47067642211914
        }
    ],
    "diagnostic_info": "eyJ0IjogIjIwMjUtMDgtMTdUMTk6NTg6MzcuNjMyODg4IiwgImgiOiAibnZpZGlhLWdwdS1vcHRpbWl6ZWQtdm1pLTEtdm0iLCAidSI6ICJtYXhseXUifQ=="
}