{
    "example_source": [
        "▁我还",
        "澄清",
        "了",
        "在该",
        "会议上",
        "提出的",
        "若干",
        "事项",
        "。"
    ],
    "example_target": [
        "<s>",
        "▁i",
        "▁was",
        "▁able",
        "▁to",
        "▁provide",
        "▁clarification",
        "▁on",
        "▁some",
        "▁of",
        "▁the",
        "▁matters",
        "▁which",
        "▁were",
        "▁raised",
        "▁at",
        "▁that",
        "▁meeting",
        ".",
        "</s>"
    ],
    "hypotheses": [
        {
            "hypothesis": [
                "▁i",
                "▁also",
                "▁clarified",
                "▁that",
                "▁a",
                "▁number",
                "▁of",
                "▁cases",
                "▁have",
                "▁been",
                "▁made",
                "▁in",
                "▁the",
                "▁meeting",
                "."
            ],
            "score": -17.320466995239258
        },
        {
            "hypothesis": [
                "▁i",
                "▁also",
                "▁clarified",
                "▁that",
                "▁a",
                "▁number",
                "▁of",
                "▁cases",
                "▁have",
                "▁been",
                "▁made",
                "▁in",
                "▁the",
                "▁session",
                "."
            ],
            "score": -18.639808654785156
        },
        {
            "hypothesis": [
                "▁i",
                "▁also",
                "▁clarified",
                "▁that",
                "▁a",
                "▁number",
                "▁of",
                "▁cases",
                "▁have",
                "▁been",
                "▁made",
                "▁in",
                "▁the",
                "▁conference",
                "."
            ],
            "score": -18.86048698425293
        },
        {
            "hypothesis": [
                "▁i",
                "▁also",
                "▁clarified",
                "▁that",
                "▁a",
                "▁number",
                "▁of",
                "▁cases",
                "▁have",
                "▁been",
                "▁made",
                "▁to",
                "▁a",
                "▁number",
                "▁of",
                "▁cases",
                "."
            ],
            "score": -18.8863468170166
        },
        {
            "hypothesis": [
                "▁i",
                "▁also",
                "▁clarified",
                "▁that",
                "▁a",
                "▁number",
                "▁of",
                "▁cases",
                "▁have",
                "▁been",
                "▁made",
                "▁to",
                "▁a",
                "▁number",
                "▁of",
                "▁matters",
                "."
            ],
            "score": -19.057537078857422
        },
        {
            "hypothesis": [
                "▁i",
                "▁also",
                "▁clarified",
                "▁that",
                "▁a",
                "▁number",
                "▁of",
                "▁cases",
                "▁have",
                "▁been",
                "▁made",
                "▁by",
                "▁the",
                "▁committee",
                "."
            ],
            "score": -19.156286239624023
        },
        {
            "hypothesis": [
                "▁i",
                "▁also",
                "▁clarified",
                "▁that",
                "▁a",
                "▁number",
                "▁of",
                "▁cases",
                "▁have",
                "▁been",
                "▁made",
                "▁to",
                "▁a",
                "▁number",
                "▁of",
                "▁issues",
                "."
            ],
            "score": -19.374324798583984
        },
        {
            "hypothesis": [
                "▁i",
                "▁also",
                "▁clarified",
                "▁that",
                "▁a",
                "▁number",
                "▁of",
                "▁cases",
                "▁have",
                "▁been",
                "▁made",
                "▁to",
                "▁the",
                "▁number",
                "▁of",
                "▁cases",
                "."
            ],
            "score": -20.434486389160156
        },
        {
            "hypothesis": [
                "▁i",
                "▁also",
                "▁clarified",
                "▁that",
                "▁a",
                "▁number",
                "▁of",
                "▁cases",
                "▁have",
                "▁been",
                "▁made",
                "▁in",
                "▁the",
                "▁meeting",
                "▁of",
                "▁the",
                "▁meeting",
                "."
            ],
            "score": -20.59081268310547
        },
        {
            "hypothesis": [
                "▁i",
                "▁also",
                "▁clarified",
                "▁that",
                "▁a",
                "▁number",
                "▁of",
                "▁cases",
                "▁have",
                "▁been",
                "▁made",
                "▁to",
                "▁a",
                "▁number",
                "▁of",
                "▁matters",
                "▁of",
                "▁the",
                "▁committee",
                "."
            ],
            "score": -25.524763107299805
        }
    ],
    "diagnostic_info": "eyJ0IjogIjIwMjUtMDgtMTdUMTk6NTk6MjguNzE0MTA2IiwgImgiOiAibnZpZGlhLWdwdS1vcHRpbWl6ZWQtdm1pLTEtdm0iLCAidSI6ICJtYXhseXUifQ=="
}