{
    "example_source": [
        "▁我还",
        "澄清",
        "了",
        "在该",
        "会议上",
        "提出的",
        "若干",
        "事项",
        "。"
    ],
    "example_target": [
        "<s>",
        "▁i",
        "▁was",
        "▁able",
        "▁to",
        "▁provide",
        "▁clarification",
        "▁on",
        "▁some",
        "▁of",
        "▁the",
        "▁matters",
        "▁which",
        "▁were",
        "▁raised",
        "▁at",
        "▁that",
        "▁meeting",
        ".",
        "</s>"
    ],
    "hypotheses": [
        {
            "hypothesis": [
                "▁i",
                "▁also",
                "▁wish",
                "▁to",
                "▁clarify",
                "▁the",
                "▁number",
                "▁of",
                "▁matters",
                "▁at",
                "▁this",
                "▁meeting",
                "."
            ],
            "score": -13.650002479553223
        },
        {
            "hypothesis": [
                "▁i",
                "▁also",
                "▁wish",
                "▁to",
                "▁clarify",
                "▁the",
                "▁number",
                "▁of",
                "▁matters",
                "▁at",
                "▁the",
                "▁meeting",
                "."
            ],
            "score": -13.871484756469727
        },
        {
            "hypothesis": [
                "▁i",
                "▁also",
                "▁wish",
                "▁to",
                "▁clarify",
                "▁the",
                "▁number",
                "▁of",
                "▁matters",
                "▁in",
                "▁the",
                "▁meeting",
                "."
            ],
            "score": -14.446436882019043
        },
        {
            "hypothesis": [
                "▁i",
                "▁also",
                "▁clarify",
                "▁the",
                "▁number",
                "▁of",
                "▁matters",
                "▁that",
                "▁had",
                "▁taken",
                "▁place",
                "▁at",
                "▁this",
                "▁meeting",
                "."
            ],
            "score": -15.316218376159668
        },
        {
            "hypothesis": [
                "▁i",
                "▁also",
                "▁clarify",
                "▁the",
                "▁number",
                "▁of",
                "▁matters",
                "▁that",
                "▁had",
                "▁taken",
                "▁place",
                "▁at",
                "▁the",
                "▁meeting",
                "."
            ],
            "score": -15.380219459533691
        },
        {
            "hypothesis": [
                "▁i",
                "▁also",
                "▁clarify",
                "▁the",
                "▁number",
                "▁of",
                "▁matters",
                "▁that",
                "▁had",
                "▁taken",
                "▁place",
                "▁in",
                "▁this",
                "▁meeting",
                "."
            ],
            "score": -15.785261154174805
        },
        {
            "hypothesis": [
                "▁i",
                "▁also",
                "▁wish",
                "▁to",
                "▁clarify",
                "▁the",
                "▁number",
                "▁of",
                "▁matters",
                "▁that",
                "▁had",
                "▁taken",
                "▁place",
                "▁at",
                "▁this",
                "▁meeting",
                "."
            ],
            "score": -16.91878318786621
        },
        {
            "hypothesis": [
                "▁i",
                "▁also",
                "▁wish",
                "▁to",
                "▁clarify",
                "▁the",
                "▁number",
                "▁of",
                "▁matters",
                "▁that",
                "▁had",
                "▁taken",
                "▁place",
                "▁at",
                "▁the",
                "▁meeting",
                "."
            ],
            "score": -16.960697174072266
        },
        {
            "hypothesis": [
                "▁i",
                "▁also",
                "▁wish",
                "▁to",
                "▁clarify",
                "▁the",
                "▁number",
                "▁of",
                "▁matters",
                "▁that",
                "▁had",
                "▁taken",
                "▁place",
                "▁in",
                "▁this",
                "▁meeting",
                "."
            ],
            "score": -17.50046730041504
        },
        {
            "hypothesis": [
                "▁i",
                "▁also",
                "▁wish",
                "▁to",
                "▁clarify",
                "▁the",
                "▁number",
                "▁of",
                "▁matters",
                "▁that",
                "▁had",
                "▁been",
                "▁taken",
                "▁into",
                "▁this",
                "▁meeting",
                "."
            ],
            "score": -17.596433639526367
        }
    ],
    "diagnostic_info": "eyJ0IjogIjIwMjUtMDgtMTdUMjA6MDE6MTIuNDIzNjIwIiwgImgiOiAibnZpZGlhLWdwdS1vcHRpbWl6ZWQtdm1pLTEtdm0iLCAidSI6ICJtYXhseXUifQ=="
}