{
    "example_source": [
        "▁我还",
        "澄清",
        "了",
        "在该",
        "会议上",
        "提出的",
        "若干",
        "事项",
        "。"
    ],
    "example_target": [
        "<s>",
        "▁i",
        "▁was",
        "▁able",
        "▁to",
        "▁provide",
        "▁clarification",
        "▁on",
        "▁some",
        "▁of",
        "▁the",
        "▁matters",
        "▁which",
        "▁were",
        "▁raised",
        "▁at",
        "▁that",
        "▁meeting",
        ".",
        "</s>"
    ],
    "hypotheses": [
        {
            "hypothesis": [
                "▁i",
                "▁have",
                "▁also",
                "▁clarified",
                "▁the",
                "▁number",
                "▁of",
                "▁matters",
                "▁that",
                "▁have",
                "▁been",
                "▁taken",
                "."
            ],
            "score": -16.304414749145508
        },
        {
            "hypothesis": [
                "▁i",
                "▁would",
                "▁also",
                "▁clarify",
                "▁a",
                "▁number",
                "▁of",
                "▁matters",
                "▁that",
                "▁have",
                "▁been",
                "▁taken",
                "▁into",
                "▁this",
                "▁meeting",
                "."
            ],
            "score": -18.19625473022461
        },
        {
            "hypothesis": [
                "▁i",
                "▁have",
                "▁also",
                "▁clarified",
                "▁the",
                "▁number",
                "▁of",
                "▁matters",
                "▁that",
                "▁have",
                "▁been",
                "▁taken",
                "▁into",
                "▁this",
                "▁meeting",
                "."
            ],
            "score": -18.2187557220459
        },
        {
            "hypothesis": [
                "▁i",
                "▁have",
                "▁also",
                "▁clarified",
                "▁the",
                "▁number",
                "▁of",
                "▁issues",
                "▁that",
                "▁have",
                "▁been",
                "▁taken",
                "▁into",
                "▁this",
                "▁meeting",
                "."
            ],
            "score": -18.26261329650879
        },
        {
            "hypothesis": [
                "▁i",
                "▁would",
                "▁also",
                "▁clarify",
                "▁a",
                "▁number",
                "▁of",
                "▁matters",
                "▁that",
                "▁have",
                "▁taken",
                "▁place",
                "▁at",
                "▁the",
                "▁meeting",
                "."
            ],
            "score": -18.337186813354492
        },
        {
            "hypothesis": [
                "▁i",
                "▁have",
                "▁also",
                "▁clarified",
                "▁the",
                "▁number",
                "▁of",
                "▁matters",
                "▁that",
                "▁had",
                "▁been",
                "▁taken",
                "▁into",
                "▁this",
                "▁meeting",
                "."
            ],
            "score": -18.345340728759766
        },
        {
            "hypothesis": [
                "▁i",
                "▁would",
                "▁also",
                "▁clarify",
                "▁a",
                "▁number",
                "▁of",
                "▁matters",
                "▁that",
                "▁have",
                "▁taken",
                "▁place",
                "▁in",
                "▁this",
                "▁meeting",
                "."
            ],
            "score": -18.4829158782959
        },
        {
            "hypothesis": [
                "▁i",
                "▁have",
                "▁also",
                "▁clarified",
                "▁the",
                "▁number",
                "▁of",
                "▁matters",
                "▁that",
                "▁have",
                "▁been",
                "▁taken",
                "▁into",
                "▁this",
                "▁conference",
                "."
            ],
            "score": -18.93500518798828
        },
        {
            "hypothesis": [
                "▁i",
                "▁would",
                "▁also",
                "▁clarify",
                "▁a",
                "▁number",
                "▁of",
                "▁matters",
                "▁that",
                "▁have",
                "▁been",
                "▁taken",
                "▁into",
                "▁this",
                "▁conference",
                "."
            ],
            "score": -18.936758041381836
        },
        {
            "hypothesis": [
                "▁i",
                "▁would",
                "▁also",
                "▁clarify",
                "▁a",
                "▁number",
                "▁of",
                "▁matters",
                "▁that",
                "▁have",
                "▁been",
                "▁taken",
                "▁into",
                "▁the",
                "▁meeting",
                "."
            ],
            "score": -18.942487716674805
        }
    ],
    "diagnostic_info": "eyJ0IjogIjIwMjUtMDgtMTdUMjA6MDE6MzcuOTgwMzM4IiwgImgiOiAibnZpZGlhLWdwdS1vcHRpbWl6ZWQtdm1pLTEtdm0iLCAidSI6ICJtYXhseXUifQ=="
}