{
    "example_source": [
        "▁我还",
        "澄清",
        "了",
        "在该",
        "会议上",
        "提出的",
        "若干",
        "事项",
        "。"
    ],
    "example_target": [
        "<s>",
        "▁i",
        "▁was",
        "▁able",
        "▁to",
        "▁provide",
        "▁clarification",
        "▁on",
        "▁some",
        "▁of",
        "▁the",
        "▁matters",
        "▁which",
        "▁were",
        "▁raised",
        "▁at",
        "▁that",
        "▁meeting",
        ".",
        "</s>"
    ],
    "hypotheses": [
        {
            "hypothesis": [
                "▁i",
                "▁have",
                "▁also",
                "▁made",
                "▁a",
                "▁number",
                "▁of",
                "▁issues",
                "▁at",
                "▁the",
                "▁meeting",
                "."
            ],
            "score": -12.424232482910156
        },
        {
            "hypothesis": [
                "▁i",
                "▁have",
                "▁also",
                "▁made",
                "▁a",
                "▁number",
                "▁of",
                "▁issues",
                "▁at",
                "▁the",
                "▁session",
                "."
            ],
            "score": -12.56882381439209
        },
        {
            "hypothesis": [
                "▁i",
                "▁have",
                "▁also",
                "▁made",
                "▁a",
                "▁number",
                "▁of",
                "▁issues",
                "▁at",
                "▁the",
                "▁session",
                "▁of",
                "▁the",
                "▁session",
                "."
            ],
            "score": -14.338665008544922
        },
        {
            "hypothesis": [
                "▁i",
                "▁have",
                "▁also",
                "▁made",
                "▁a",
                "▁number",
                "▁of",
                "▁issues",
                "▁at",
                "▁the",
                "▁session",
                "▁of",
                "▁the",
                "▁conference",
                "."
            ],
            "score": -14.432548522949219
        },
        {
            "hypothesis": [
                "▁i",
                "▁would",
                "▁also",
                "▁like",
                "▁to",
                "▁clarify",
                "▁a",
                "▁number",
                "▁of",
                "▁issues",
                "▁at",
                "▁the",
                "▁meeting",
                "."
            ],
            "score": -14.631361961364746
        },
        {
            "hypothesis": [
                "▁i",
                "▁have",
                "▁also",
                "▁made",
                "▁a",
                "▁number",
                "▁of",
                "▁issues",
                "▁at",
                "▁the",
                "▁session",
                "▁of",
                "▁the",
                "▁meeting",
                "."
            ],
            "score": -14.769515991210938
        },
        {
            "hypothesis": [
                "▁i",
                "▁have",
                "▁also",
                "▁made",
                "▁a",
                "▁number",
                "▁of",
                "▁matters",
                "▁at",
                "▁the",
                "▁session",
                "▁of",
                "▁the",
                "▁session",
                "."
            ],
            "score": -14.810495376586914
        },
        {
            "hypothesis": [
                "▁i",
                "▁have",
                "▁also",
                "▁made",
                "▁a",
                "▁number",
                "▁of",
                "▁issues",
                "▁at",
                "▁the",
                "▁session",
                "▁of",
                "▁the",
                "▁committee",
                "."
            ],
            "score": -14.824651718139648
        },
        {
            "hypothesis": [
                "▁i",
                "▁have",
                "▁also",
                "▁made",
                "▁a",
                "▁number",
                "▁of",
                "▁matters",
                "▁at",
                "▁the",
                "▁session",
                "▁of",
                "▁the",
                "▁conference",
                "."
            ],
            "score": -14.914693832397461
        },
        {
            "hypothesis": [
                "▁i",
                "▁have",
                "▁also",
                "▁made",
                "▁a",
                "▁number",
                "▁of",
                "▁issues",
                "▁which",
                "▁have",
                "▁been",
                "▁taken",
                "▁at",
                "▁the",
                "▁meeting",
                "."
            ],
            "score": -16.31449317932129
        }
    ],
    "diagnostic_info": "eyJ0IjogIjIwMjUtMDgtMTdUMjA6MDI6MDMuNjE5MDM5IiwgImgiOiAibnZpZGlhLWdwdS1vcHRpbWl6ZWQtdm1pLTEtdm0iLCAidSI6ICJtYXhseXUifQ=="
}