{
    "example_source": [
        "▁我还",
        "澄清",
        "了",
        "在该",
        "会议上",
        "提出的",
        "若干",
        "事项",
        "。"
    ],
    "example_target": [
        "<s>",
        "▁i",
        "▁was",
        "▁able",
        "▁to",
        "▁provide",
        "▁clarification",
        "▁on",
        "▁some",
        "▁of",
        "▁the",
        "▁matters",
        "▁which",
        "▁were",
        "▁raised",
        "▁at",
        "▁that",
        "▁meeting",
        ".",
        "</s>"
    ],
    "hypotheses": [
        {
            "hypothesis": [
                "▁i",
                "▁also",
                "▁clarified",
                "▁the",
                "▁clarification",
                "▁of",
                "▁a",
                "▁number",
                "▁of",
                "▁issues",
                "▁at",
                "▁the",
                "▁meeting",
                "."
            ],
            "score": -11.608469009399414
        },
        {
            "hypothesis": [
                "▁i",
                "▁also",
                "▁clarified",
                "▁the",
                "▁clarification",
                "▁of",
                "▁a",
                "▁number",
                "▁of",
                "▁issues",
                "▁dur",
                "ing",
                "▁the",
                "▁meeting",
                "."
            ],
            "score": -12.392255783081055
        },
        {
            "hypothesis": [
                "▁i",
                "▁also",
                "▁clarified",
                "▁the",
                "▁clarification",
                "▁of",
                "▁a",
                "▁number",
                "▁of",
                "▁issues",
                "▁at",
                "▁the",
                "▁conference",
                "."
            ],
            "score": -12.548982620239258
        },
        {
            "hypothesis": [
                "▁i",
                "▁have",
                "▁also",
                "▁clarified",
                "▁the",
                "▁clarification",
                "▁of",
                "▁a",
                "▁number",
                "▁of",
                "▁issues",
                "▁at",
                "▁the",
                "▁meeting",
                "."
            ],
            "score": -12.65234661102295
        },
        {
            "hypothesis": [
                "▁i",
                "▁also",
                "▁clarified",
                "▁the",
                "▁clarification",
                "▁of",
                "▁a",
                "▁number",
                "▁of",
                "▁issues",
                "▁dur",
                "ing",
                "▁the",
                "▁conference",
                "."
            ],
            "score": -12.804668426513672
        },
        {
            "hypothesis": [
                "▁i",
                "▁also",
                "▁clarified",
                "▁the",
                "▁clarification",
                "▁of",
                "▁a",
                "▁number",
                "▁of",
                "▁issues",
                "▁dur",
                "ing",
                "▁this",
                "▁meeting",
                "."
            ],
            "score": -13.0534029006958
        },
        {
            "hypothesis": [
                "▁i",
                "▁also",
                "▁clarified",
                "▁the",
                "▁clarification",
                "▁of",
                "▁a",
                "▁number",
                "▁of",
                "▁issues",
                "▁that",
                "▁had",
                "▁been",
                "▁raised",
                "."
            ],
            "score": -13.386930465698242
        },
        {
            "hypothesis": [
                "▁i",
                "▁also",
                "▁clarified",
                "▁the",
                "▁clarification",
                "▁of",
                "▁a",
                "▁number",
                "▁of",
                "▁issues",
                "▁that",
                "▁have",
                "▁been",
                "▁raised",
                "."
            ],
            "score": -13.739827156066895
        },
        {
            "hypothesis": [
                "▁i",
                "▁have",
                "▁also",
                "▁clarified",
                "▁the",
                "▁clarification",
                "▁of",
                "▁a",
                "▁number",
                "▁of",
                "▁issues",
                "▁that",
                "▁had",
                "▁been",
                "▁raised",
                "."
            ],
            "score": -14.623663902282715
        },
        {
            "hypothesis": [
                "▁i",
                "▁have",
                "▁also",
                "▁clarified",
                "▁the",
                "▁clarification",
                "▁of",
                "▁a",
                "▁number",
                "▁of",
                "▁issues",
                "▁that",
                "▁had",
                "▁been",
                "▁taken",
                "."
            ],
            "score": -15.657533645629883
        }
    ],
    "diagnostic_info": "eyJ0IjogIjIwMjUtMDgtMTdUMjA6MDM6NDcuMTg5OTMyIiwgImgiOiAibnZpZGlhLWdwdS1vcHRpbWl6ZWQtdm1pLTEtdm0iLCAidSI6ICJtYXhseXUifQ=="
}