{
    "example_source": [
        "▁我还",
        "澄清",
        "了",
        "在该",
        "会议上",
        "提出的",
        "若干",
        "事项",
        "。"
    ],
    "example_target": [
        "<s>",
        "▁i",
        "▁was",
        "▁able",
        "▁to",
        "▁provide",
        "▁clarification",
        "▁on",
        "▁some",
        "▁of",
        "▁the",
        "▁matters",
        "▁which",
        "▁were",
        "▁raised",
        "▁at",
        "▁that",
        "▁meeting",
        ".",
        "</s>"
    ],
    "hypotheses": [
        {
            "hypothesis": [
                "▁i",
                "▁also",
                "▁clarified",
                "▁the",
                "▁number",
                "▁of",
                "▁issues",
                "▁taken",
                "▁at",
                "▁the",
                "▁meeting",
                "."
            ],
            "score": -9.772401809692383
        },
        {
            "hypothesis": [
                "▁i",
                "▁also",
                "▁clarified",
                "▁the",
                "▁number",
                "▁of",
                "▁issues",
                "▁taken",
                "▁by",
                "▁the",
                "▁committee",
                "▁at",
                "▁the",
                "▁meeting",
                "."
            ],
            "score": -11.503206253051758
        },
        {
            "hypothesis": [
                "▁i",
                "▁also",
                "▁clarified",
                "▁the",
                "▁number",
                "▁of",
                "▁issues",
                "▁raised",
                "▁by",
                "▁the",
                "▁committee",
                "▁at",
                "▁the",
                "▁meeting",
                "."
            ],
            "score": -11.622600555419922
        },
        {
            "hypothesis": [
                "▁i",
                "▁also",
                "▁clarified",
                "▁the",
                "▁number",
                "▁of",
                "▁issues",
                "▁taken",
                "▁by",
                "▁the",
                "▁commission",
                "▁at",
                "▁the",
                "▁meeting",
                "."
            ],
            "score": -11.670974731445312
        },
        {
            "hypothesis": [
                "▁i",
                "▁also",
                "▁give",
                "▁clarification",
                "▁on",
                "▁a",
                "▁number",
                "▁of",
                "▁issues",
                "▁taken",
                "▁by",
                "▁the",
                "▁committee",
                "."
            ],
            "score": -11.691679000854492
        },
        {
            "hypothesis": [
                "▁i",
                "▁also",
                "▁give",
                "▁clarification",
                "▁on",
                "▁a",
                "▁number",
                "▁of",
                "▁issues",
                "▁raised",
                "▁by",
                "▁the",
                "▁committee",
                "."
            ],
            "score": -11.95643138885498
        },
        {
            "hypothesis": [
                "▁i",
                "▁also",
                "▁clarified",
                "▁the",
                "▁number",
                "▁of",
                "▁issues",
                "▁taken",
                "▁by",
                "▁the",
                "▁committee",
                "▁at",
                "▁the",
                "▁session",
                "."
            ],
            "score": -12.510360717773438
        },
        {
            "hypothesis": [
                "▁i",
                "▁also",
                "▁clarified",
                "▁the",
                "▁number",
                "▁of",
                "▁issues",
                "▁taken",
                "▁by",
                "▁the",
                "▁committee",
                "▁on",
                "▁a",
                "▁number",
                "▁of",
                "▁issues",
                "."
            ],
            "score": -13.337007522583008
        },
        {
            "hypothesis": [
                "▁i",
                "▁also",
                "▁give",
                "▁clarification",
                "▁on",
                "▁a",
                "▁number",
                "▁of",
                "▁issues",
                "▁taken",
                "▁by",
                "▁the",
                "▁committee",
                "▁on",
                "▁a",
                "▁number",
                "▁of",
                "▁issues",
                "."
            ],
            "score": -15.30164909362793
        },
        {
            "hypothesis": [
                "▁i",
                "▁also",
                "▁give",
                "▁clarification",
                "▁on",
                "▁a",
                "▁number",
                "▁of",
                "▁issues",
                "▁taken",
                "▁by",
                "▁the",
                "▁committee",
                "▁on",
                "▁a",
                "▁number",
                "▁of",
                "▁matters",
                "."
            ],
            "score": -15.887113571166992
        }
    ],
    "diagnostic_info": "eyJ0IjogIjIwMjUtMDgtMTdUMjA6MDQ6MzguNDI0MzE5IiwgImgiOiAibnZpZGlhLWdwdS1vcHRpbWl6ZWQtdm1pLTEtdm0iLCAidSI6ICJtYXhseXUifQ=="
}