{
    "example_source": [
        "▁我还",
        "澄清",
        "了",
        "在该",
        "会议上",
        "提出的",
        "若干",
        "事项",
        "。"
    ],
    "example_target": [
        "<s>",
        "▁i",
        "▁was",
        "▁able",
        "▁to",
        "▁provide",
        "▁clarification",
        "▁on",
        "▁some",
        "▁of",
        "▁the",
        "▁matters",
        "▁which",
        "▁were",
        "▁raised",
        "▁at",
        "▁that",
        "▁meeting",
        ".",
        "</s>"
    ],
    "hypotheses": [
        {
            "hypothesis": [
                "▁i",
                "▁have",
                "▁also",
                "▁clarified",
                "▁a",
                "▁number",
                "▁of",
                "▁issues",
                "▁raised",
                "▁at",
                "▁the",
                "▁meeting",
                "."
            ],
            "score": -8.245248794555664
        },
        {
            "hypothesis": [
                "▁i",
                "▁also",
                "▁clarified",
                "▁a",
                "▁number",
                "▁of",
                "▁issues",
                "▁raised",
                "▁by",
                "▁the",
                "▁meeting",
                "."
            ],
            "score": -8.403972625732422
        },
        {
            "hypothesis": [
                "▁i",
                "▁have",
                "▁also",
                "▁clarified",
                "▁a",
                "▁number",
                "▁of",
                "▁issues",
                "▁raised",
                "▁by",
                "▁the",
                "▁meeting",
                "."
            ],
            "score": -8.442678451538086
        },
        {
            "hypothesis": [
                "▁i",
                "▁also",
                "▁clarification",
                "▁on",
                "▁a",
                "▁number",
                "▁of",
                "▁issues",
                "▁raised",
                "▁at",
                "▁the",
                "▁meeting",
                "."
            ],
            "score": -8.557456970214844
        },
        {
            "hypothesis": [
                "▁i",
                "▁also",
                "▁clarification",
                "▁on",
                "▁a",
                "▁number",
                "▁of",
                "▁issues",
                "▁raised",
                "▁by",
                "▁the",
                "▁meeting",
                "."
            ],
            "score": -8.686956405639648
        },
        {
            "hypothesis": [
                "▁i",
                "▁also",
                "▁give",
                "▁clarification",
                "▁on",
                "▁a",
                "▁number",
                "▁of",
                "▁issues",
                "▁raised",
                "▁by",
                "▁the",
                "▁meeting",
                "."
            ],
            "score": -8.74606704711914
        },
        {
            "hypothesis": [
                "▁i",
                "▁also",
                "▁give",
                "▁clarification",
                "▁on",
                "▁a",
                "▁number",
                "▁of",
                "▁issues",
                "▁raised",
                "▁at",
                "▁the",
                "▁meeting",
                "."
            ],
            "score": -8.759847640991211
        },
        {
            "hypothesis": [
                "▁i",
                "▁have",
                "▁also",
                "▁clarified",
                "▁a",
                "▁number",
                "▁of",
                "▁matters",
                "▁raised",
                "▁by",
                "▁the",
                "▁meeting",
                "."
            ],
            "score": -9.05632209777832
        },
        {
            "hypothesis": [
                "▁i",
                "▁also",
                "▁give",
                "▁clarification",
                "▁on",
                "▁a",
                "▁number",
                "▁of",
                "▁matters",
                "▁raised",
                "▁by",
                "▁the",
                "▁meeting",
                "."
            ],
            "score": -9.416023254394531
        },
        {
            "hypothesis": [
                "▁i",
                "▁also",
                "▁give",
                "▁clarification",
                "▁on",
                "▁a",
                "▁number",
                "▁of",
                "▁issues",
                "▁raised",
                "▁by",
                "▁the",
                "▁conference",
                "."
            ],
            "score": -9.450634002685547
        }
    ],
    "diagnostic_info": "eyJ0IjogIjIwMjUtMDgtMTdUMjA6MDU6MjkuNDMzNzcxIiwgImgiOiAibnZpZGlhLWdwdS1vcHRpbWl6ZWQtdm1pLTEtdm0iLCAidSI6ICJtYXhseXUifQ=="
}