{
    "example_source": [
        "▁我还",
        "澄清",
        "了",
        "在该",
        "会议上",
        "提出的",
        "若干",
        "事项",
        "。"
    ],
    "example_target": [
        "<s>",
        "▁i",
        "▁was",
        "▁able",
        "▁to",
        "▁provide",
        "▁clarification",
        "▁on",
        "▁some",
        "▁of",
        "▁the",
        "▁matters",
        "▁which",
        "▁were",
        "▁raised",
        "▁at",
        "▁that",
        "▁meeting",
        ".",
        "</s>"
    ],
    "hypotheses": [
        {
            "hypothesis": [
                "▁i",
                "▁also",
                "▁clarify",
                "▁a",
                "▁number",
                "▁of",
                "▁matters",
                "▁raised",
                "▁at",
                "▁the",
                "▁meeting",
                "."
            ],
            "score": -8.004722595214844
        },
        {
            "hypothesis": [
                "▁i",
                "▁also",
                "▁clarify",
                "▁a",
                "▁number",
                "▁of",
                "▁issues",
                "▁raised",
                "▁at",
                "▁the",
                "▁meeting",
                "."
            ],
            "score": -8.009599685668945
        },
        {
            "hypothesis": [
                "▁i",
                "▁also",
                "▁clarify",
                "▁a",
                "▁number",
                "▁of",
                "▁matters",
                "▁raised",
                "▁at",
                "▁this",
                "▁meeting",
                "."
            ],
            "score": -8.014330863952637
        },
        {
            "hypothesis": [
                "▁i",
                "▁also",
                "▁clarify",
                "▁a",
                "▁number",
                "▁of",
                "▁matters",
                "▁raised",
                "▁in",
                "▁the",
                "▁meeting",
                "."
            ],
            "score": -8.642476081848145
        },
        {
            "hypothesis": [
                "▁i",
                "▁also",
                "▁clarify",
                "▁a",
                "▁number",
                "▁of",
                "▁matters",
                "▁that",
                "▁had",
                "▁been",
                "▁raised",
                "▁at",
                "▁the",
                "▁meeting",
                "."
            ],
            "score": -10.40706729888916
        },
        {
            "hypothesis": [
                "▁i",
                "▁also",
                "▁clarify",
                "▁a",
                "▁number",
                "▁of",
                "▁matters",
                "▁that",
                "▁had",
                "▁been",
                "▁raised",
                "▁at",
                "▁this",
                "▁meeting",
                "."
            ],
            "score": -10.51484203338623
        },
        {
            "hypothesis": [
                "▁i",
                "▁also",
                "▁clarify",
                "▁a",
                "▁number",
                "▁of",
                "▁matters",
                "▁that",
                "▁have",
                "▁been",
                "▁raised",
                "▁at",
                "▁the",
                "▁meeting",
                "."
            ],
            "score": -10.612887382507324
        },
        {
            "hypothesis": [
                "▁i",
                "▁also",
                "▁clarify",
                "▁a",
                "▁number",
                "▁of",
                "▁issues",
                "▁that",
                "▁have",
                "▁been",
                "▁raised",
                "▁at",
                "▁the",
                "▁meeting",
                "."
            ],
            "score": -10.68216609954834
        },
        {
            "hypothesis": [
                "▁i",
                "▁also",
                "▁clarify",
                "▁a",
                "▁number",
                "▁of",
                "▁matters",
                "▁that",
                "▁had",
                "▁been",
                "▁made",
                "▁at",
                "▁this",
                "▁meeting",
                "."
            ],
            "score": -10.710840225219727
        },
        {
            "hypothesis": [
                "▁i",
                "▁also",
                "▁clarify",
                "▁a",
                "▁number",
                "▁of",
                "▁matters",
                "▁that",
                "▁had",
                "▁been",
                "▁made",
                "▁at",
                "▁the",
                "▁meeting",
                "."
            ],
            "score": -10.745075225830078
        }
    ],
    "diagnostic_info": "eyJ0IjogIjIwMjUtMDgtMTdUMjA6MTY6MjkuOTgyNDYwIiwgImgiOiAibnZpZGlhLWdwdS1vcHRpbWl6ZWQtdm1pLTEtdm0iLCAidSI6ICJtYXhseXUifQ=="
}