{
    "example_source": [
        "▁我还",
        "澄清",
        "了",
        "在该",
        "会议上",
        "提出的",
        "若干",
        "事项",
        "。"
    ],
    "example_target": [
        "<s>",
        "▁i",
        "▁was",
        "▁able",
        "▁to",
        "▁provide",
        "▁clarification",
        "▁on",
        "▁some",
        "▁of",
        "▁the",
        "▁matters",
        "▁which",
        "▁were",
        "▁raised",
        "▁at",
        "▁that",
        "▁meeting",
        ".",
        "</s>"
    ],
    "hypotheses": [
        {
            "hypothesis": [
                "▁i",
                "▁also",
                "▁clarified",
                "▁a",
                "▁number",
                "▁of",
                "▁matters",
                "▁raised",
                "▁at",
                "▁the",
                "▁meeting",
                "."
            ],
            "score": -7.3555216789245605
        },
        {
            "hypothesis": [
                "▁i",
                "▁also",
                "▁clarified",
                "▁a",
                "▁number",
                "▁of",
                "▁issues",
                "▁raised",
                "▁at",
                "▁the",
                "▁meeting",
                "."
            ],
            "score": -7.4095659255981445
        },
        {
            "hypothesis": [
                "▁i",
                "▁also",
                "▁clarified",
                "▁a",
                "▁number",
                "▁of",
                "▁matters",
                "▁raised",
                "▁at",
                "▁this",
                "▁meeting",
                "."
            ],
            "score": -7.468489646911621
        },
        {
            "hypothesis": [
                "▁i",
                "▁also",
                "▁clarified",
                "▁a",
                "▁number",
                "▁of",
                "▁issues",
                "▁raised",
                "▁at",
                "▁this",
                "▁meeting",
                "."
            ],
            "score": -7.5888752937316895
        },
        {
            "hypothesis": [
                "▁i",
                "▁also",
                "▁clarified",
                "▁a",
                "▁number",
                "▁of",
                "▁matters",
                "▁raised",
                "▁by",
                "▁the",
                "▁conference",
                "."
            ],
            "score": -7.622229099273682
        },
        {
            "hypothesis": [
                "▁i",
                "▁also",
                "▁clarified",
                "▁a",
                "▁number",
                "▁of",
                "▁matters",
                "▁submitted",
                "▁to",
                "▁the",
                "▁conference",
                "."
            ],
            "score": -7.892241477966309
        },
        {
            "hypothesis": [
                "▁i",
                "▁also",
                "▁clarify",
                "▁a",
                "▁number",
                "▁of",
                "▁matters",
                "▁raised",
                "▁at",
                "▁the",
                "▁meeting",
                "."
            ],
            "score": -7.925956726074219
        },
        {
            "hypothesis": [
                "▁i",
                "▁also",
                "▁clarified",
                "▁a",
                "▁number",
                "▁of",
                "▁matters",
                "▁raised",
                "▁by",
                "▁the",
                "▁meeting",
                "."
            ],
            "score": -7.965239524841309
        },
        {
            "hypothesis": [
                "▁i",
                "▁have",
                "▁also",
                "▁clarified",
                "▁a",
                "▁number",
                "▁of",
                "▁matters",
                "▁raised",
                "▁at",
                "▁the",
                "▁meeting",
                "."
            ],
            "score": -8.149754524230957
        },
        {
            "hypothesis": [
                "▁i",
                "▁have",
                "▁also",
                "▁clarified",
                "▁a",
                "▁number",
                "▁of",
                "▁issues",
                "▁raised",
                "▁at",
                "▁the",
                "▁meeting",
                "."
            ],
            "score": -8.18644905090332
        }
    ],
    "diagnostic_info": "eyJ0IjogIjIwMjUtMDgtMTdUMjA6MTg6MzMuMTMzMDM0IiwgImgiOiAibnZpZGlhLWdwdS1vcHRpbWl6ZWQtdm1pLTEtdm0iLCAidSI6ICJtYXhseXUifQ=="
}