{
    "example_source": [
        "▁我还",
        "澄清",
        "了",
        "在该",
        "会议上",
        "提出的",
        "若干",
        "事项",
        "。"
    ],
    "example_target": [
        "<s>",
        "▁i",
        "▁was",
        "▁able",
        "▁to",
        "▁provide",
        "▁clarification",
        "▁on",
        "▁some",
        "▁of",
        "▁the",
        "▁matters",
        "▁which",
        "▁were",
        "▁raised",
        "▁at",
        "▁that",
        "▁meeting",
        ".",
        "</s>"
    ],
    "hypotheses": [
        {
            "hypothesis": [
                "▁i",
                "▁have",
                "▁also",
                "▁clarified",
                "▁a",
                "▁number",
                "▁of",
                "▁issues",
                "▁raised",
                "▁at",
                "▁the",
                "▁meeting",
                "."
            ],
            "score": -7.082921504974365
        },
        {
            "hypothesis": [
                "▁i",
                "▁have",
                "▁also",
                "▁clarified",
                "▁a",
                "▁number",
                "▁of",
                "▁matters",
                "▁raised",
                "▁at",
                "▁the",
                "▁meeting",
                "."
            ],
            "score": -7.1298747062683105
        },
        {
            "hypothesis": [
                "▁i",
                "▁have",
                "▁also",
                "▁clarified",
                "▁the",
                "▁number",
                "▁of",
                "▁issues",
                "▁raised",
                "▁at",
                "▁the",
                "▁meeting",
                "."
            ],
            "score": -7.358651638031006
        },
        {
            "hypothesis": [
                "▁i",
                "▁also",
                "▁clarify",
                "▁a",
                "▁number",
                "▁of",
                "▁issues",
                "▁raised",
                "▁at",
                "▁the",
                "▁meeting",
                "."
            ],
            "score": -7.3804707527160645
        },
        {
            "hypothesis": [
                "▁i",
                "▁have",
                "▁also",
                "▁clarified",
                "▁a",
                "▁number",
                "▁of",
                "▁matters",
                "▁raised",
                "▁at",
                "▁this",
                "▁meeting",
                "."
            ],
            "score": -7.453613758087158
        },
        {
            "hypothesis": [
                "▁i",
                "▁have",
                "▁also",
                "▁clarified",
                "▁a",
                "▁number",
                "▁of",
                "▁issues",
                "▁raised",
                "▁at",
                "▁this",
                "▁meeting",
                "."
            ],
            "score": -7.490454196929932
        },
        {
            "hypothesis": [
                "▁i",
                "▁also",
                "▁clarify",
                "▁a",
                "▁number",
                "▁of",
                "▁matters",
                "▁raised",
                "▁at",
                "▁the",
                "▁meeting",
                "."
            ],
            "score": -7.512225151062012
        },
        {
            "hypothesis": [
                "▁i",
                "▁have",
                "▁also",
                "▁clarified",
                "▁the",
                "▁number",
                "▁of",
                "▁matters",
                "▁raised",
                "▁at",
                "▁the",
                "▁meeting",
                "."
            ],
            "score": -7.684911727905273
        },
        {
            "hypothesis": [
                "▁i",
                "▁have",
                "▁also",
                "▁clarified",
                "▁that",
                "▁a",
                "▁number",
                "▁of",
                "▁issues",
                "▁raised",
                "▁at",
                "▁the",
                "▁meeting",
                "▁was",
                "▁raised",
                "."
            ],
            "score": -10.961952209472656
        },
        {
            "hypothesis": [
                "▁i",
                "▁have",
                "▁also",
                "▁clarified",
                "▁that",
                "▁a",
                "▁number",
                "▁of",
                "▁matters",
                "▁raised",
                "▁at",
                "▁the",
                "▁meeting",
                "▁was",
                "▁raised",
                "."
            ],
            "score": -10.997904777526855
        }
    ],
    "diagnostic_info": "eyJ0IjogIjIwMjUtMDgtMTdUMjA6Mjk6MzUuNzkwNjU3IiwgImgiOiAibnZpZGlhLWdwdS1vcHRpbWl6ZWQtdm1pLTEtdm0iLCAidSI6ICJtYXhseXUifQ=="
}